developer,sentiment_analysis,sentiment_analysis_count
07th Expansion,0,1
07th Expansion,1,2
"10th Art Studio,Adventure Productions",0,1
"10th Art Studio,Adventure Productions",2,1
10tons Ltd,2,1
11 bit studios,0,22
11 bit studios,1,22
11 bit studios,2,17
14° East,0,1
14° East,2,1
16bit Nights,0,1
17-BIT,2,2
1C Company,0,1
1C Company,2,1
1C-Avalon,2,2
1C-SoftClub,2,2
1C: Maddox Games,1,5
1C: Maddox Games,2,4
1C:InoCo,1,2
1C:InoCo,2,2
22cans,1,1
22cans,2,2
24 Caret Games,1,1
2D BOY,1,2
2D BOY,2,5
2DArray,2,1
2DEngine.com,2,1
"2K Australia,Gearbox Software,Aspyr (Mac &amp; Linux)",2,1
"2K Australia,Gearbox Software,Aspyr (Mac and Linux)",0,6
"2K Australia,Gearbox Software,Aspyr (Mac and Linux)",1,33
"2K Australia,Gearbox Software,Aspyr (Mac and Linux)",2,38
"2K Australia,Gearbox Software,Aspyr (Mac,Linux)",0,2
"2K Australia,Gearbox Software,Aspyr (Mac,Linux)",1,1
"2K Boston,2K Australia",0,4
"2K Boston,2K Australia",1,20
"2K Boston,2K Australia",2,43
"2K Boston,2K Australia,Blind Squirrel,Feral Interactive (Mac)",1,1
"2K Boston,2K Australia,Blind Squirrel,Feral Interactive (Mac)",2,5
"2K Czech,Feral Interactive (Mac)",0,1
"2K Czech,Feral Interactive (Mac)",1,24
"2K Czech,Feral Interactive (Mac)",2,18
2K Marin,0,3
2K Marin,1,2
2K Marin,2,9
"2K Marin,2K China,Digital Extremes,2K Australia,Feral Interactive (Mac)",0,3
"2K Marin,2K China,Digital Extremes,2K Australia,Feral Interactive (Mac)",1,4
"2K Marin,2K China,Digital Extremes,2K Australia,Feral Interactive (Mac)",2,10
2Play,0,1
2Play,1,4
2Play,2,6
2x2 Games,1,1
3 Sprockets,1,2
3 Sprockets,2,4
30.06 Studios Ltd,1,1
3000AD,0,1
"343 Industries,Vanguard Games",1,1
"343 Industries,Vanguard Games",2,1
3909,0,7
3909,1,24
3909,2,45
3D Realms (Apogee Software),2,2
3f Interactive,1,1
3f Interactive,2,1
4 I Lab,1,2
4 I Lab,2,3
48h Studio,2,1
49 Games,1,1
4A Games,0,1
4A Games,1,12
4A Games,2,16
5 Bits Games,2,3
5 Lives Studios,2,1
5Wolf,1,10
5Wolf,2,1
5th Cell Media,0,1
5th Cell Media,1,17
5th Cell Media,2,22
773,2,1
777 Studios,1,2
777 Studios,2,1
8-Bit Studio,0,1
800 North and Digital Ranch,0,10
800 North and Digital Ranch,1,34
800 North and Digital Ranch,2,22
8888888 LABS,0,1
8888888 LABS,2,1
88mm,1,1
8monkey Labs,2,1
9heads Game Studios,0,2
9heads Game Studios,1,7
9heads Game Studios,2,5
@unepic_fran,1,1
@unepic_fran,2,4
A Crowd of Monsters,1,2
ACE MADDOX,2,1
ACE Team,0,2
ACE Team,1,6
ACE Team,2,5
ACQUIRE Corp.,0,1
ACQUIRE Corp.,1,2
ACQUIRE Corp.,2,4
AGC,0,1
AGC,1,2
AGC,2,1
ALICE IN DISSONANCE,2,4
ALLPlayer Group Ltd.,1,1
AMPLITUDE Studios,0,5
AMPLITUDE Studios,1,16
AMPLITUDE Studios,2,23
AZAMATIKA,1,1
Abbey Games,1,7
Abbey Games,2,10
Above and Beyond Technologies,2,1
Abraham Carreola,1,1
Abrakam SA,2,2
Abstract Tree Studio,1,2
Abstraction Games,0,1
Abstraction Games,2,1
"Abstraction Games,WayForward",1,1
"Acceleroto, Inc.",2,1
Access Games,1,1
Access Games,2,1
Acid Nerve,0,3
Acid Nerve,1,1
Acid Nerve,2,1
Actalogic,0,2
Actalogic,1,1
"Action Button Entertainment, LLC",1,1
Adam Foster,1,2
Adam Foster,2,5
Aeon Dream Studios,2,1
Afterthought LLC,1,3
Afterthought LLC,2,2
Airtight Games,0,2
Airtight Games,1,3
Airtight Games,2,7
Aivaras Klimas,2,1
Akakiy Petrushkin,1,1
Akakiy Petrushkin,2,1
"Akella,.dat",2,1
"AlPixel Games,Luis Diaz,Gustavo Santos,Albert Fernandez,Tice Thomason",1,3
"AlPixel Games,Luis Diaz,Gustavo Santos,Albert Fernandez,Tice Thomason",2,3
Alan Edwardes,1,16
Alan Edwardes,2,14
Alan Zucconi,2,1
Alawar,2,2
Alawar Entertainment,1,1
Aldorlea Games,1,1
Aleksey Abramenko,0,1
Aleksey Abramenko,1,1
Aleksey Abramenko,2,2
Alex Zhang,1,1
Alexander Bruce,0,3
Alexander Bruce,1,19
Alexander Bruce,2,29
"Alexey Davydov,Sergey Dvoynikov,Timofey Shargorodskiy",2,1
Alice &amp; Smith,2,1
Alien Sync Interactive,1,1
Alientrap,0,2
Alientrap,1,2
Alientrap,2,5
Allen Dayan,2,1
Almost Human Games,0,2
Almost Human Games,1,3
Almost Human Games,2,4
Altar Games,1,2
Alternative Software Ltd,2,1
Amanita Design,1,2
Amanita Design,2,6
"Amaranth Games, LLC",1,1
Amaterasu Software,1,1
Anarchy Enterprises,0,1
Anarchy Enterprises,2,1
Andrew Gilmour,0,1
Andrew Gilmour,1,1
"AndrewMD5,Codeusa",2,2
Andrii Vintsevych,0,5
Andrii Vintsevych,1,5
Andrii Vintsevych,2,5
Andy Wallace,1,1
Andy Wallace,2,1
Angry Mob Games,0,1
Animation Arts,1,1
Animu Game,2,1
Anisoptera Games,0,2
Anisoptera Games,2,3
Ankama Studio,1,3
Ankama Studio,2,5
Anothink,1,2
"Antanas Marcelionis,Renė Petrulienė",2,1
Anteater Games,1,1
Antonio Renna,1,1
Anvate Games,0,1
Apeiron,2,1
Aperture Tag Team,0,1
Aperture Tag Team,1,3
Aperture Tag Team,2,7
Aquiris Game Studio,0,1
Aquiris Game Studio,2,1
Arachnid Games,2,2
Aratog LLC,2,1
Arc System Works,1,4
Arc System Works,2,6
"Arcen Games, LLC",1,3
"Arcen Games, LLC",2,6
Archive Entertainment,0,2
Archive Entertainment,1,18
Archive Entertainment,2,19
Arkane Studios,0,11
Arkane Studios,1,49
Arkane Studios,2,67
Arkavi Studios,2,1
Arkedo,1,1
Arkedo,2,1
Armature Studio,1,1
Arrowhead Game Studios,0,10
Arrowhead Game Studios,1,48
Arrowhead Game Studios,2,49
Artefacts Studio,2,1
Artefacts Studios,1,1
Artery Games,1,5
Artery Games,2,4
Artifex Mundi,1,2
Artifex Mundi,2,1
Artifice Studio,0,1
Artifice Studio,1,1
Artifice Studio,2,2
Ascaron,0,1
Ascaron,2,1
Ascaron Entertainment ltd.,1,2
Ascension Entertainment LLC,1,4
Ascension Entertainment LLC,2,1
Aspyr,1,3
Aspyr,2,1
Aspyr Studios,0,1
Aspyr Studios,1,2
Aspyr Studios,2,5
"Aspyr,Quantic Dream (original release)",0,1
Atapki,2,1
"Atari, Cubed Productions LLC",0,1
"Atari, Cubed Productions LLC",1,11
"Atari, Cubed Productions LLC",2,7
Atelier 801,0,1
Atelier 801,1,12
Atelier 801,2,12
Atom Republic,1,1
AtomicTorch Studio,1,1
Atum Software,2,1
Atypical Games,2,1
Aurelien Regard,2,1
Austin Handle,1,1
"Autobotika,Game Nation Inc",2,1
Avalanche Software,0,1
Avalanche Software,1,2
Avalanche Studios,0,26
Avalanche Studios,1,141
Avalanche Studios,2,174
"Avalanche Studios,Feral Interactive (Mac/Linux)",0,4
"Avalanche Studios,Feral Interactive (Mac/Linux)",1,21
"Avalanche Studios,Feral Interactive (Mac/Linux)",2,26
Avidly Wild Games,0,2
Avidly Wild Games,2,1
Awesome Games Studio,0,2
Awesome Games Studio,1,12
Awesome Games Studio,2,39
AwesomeBlade,2,1
Axis Game Factory,2,3
Axis Game Factory LLC,2,4
Axolot Games,1,6
Axolot Games,2,10
Axyos Games,1,2
BANDAI NAMCO Studio Inc.,0,1
BANDAI NAMCO Studio Inc.,1,3
BANDAI NAMCO Studio Inc.,2,5
BRHP,2,1
BS1 &amp; BSL Team,0,1
BUGBEAR,2,2
Back To Basics Gaming,2,2
Bacon Wrapped Games,2,1
"BadFly Interactive, a.s.",0,1
"BadFly Interactive, a.s.",1,1
"BadFly Interactive, a.s.",2,2
Badland Studio,1,2
Badland Studio,2,3
Baggy Cat Ltd,2,4
Baller Industries,0,1
Baller Industries,1,1
Bankroll Studios,0,8
Bankroll Studios,1,8
Bankroll Studios,2,7
Bare Mettle Entertainment,0,1
Basaltic studio,2,2
"Bat Country Games, LLC",2,2
Batholith Entertainment,2,1
"Batterystaple Games,Fire Hose Games",2,2
BattleGoat Studios,1,1
BattleGoat Studios,2,3
Beam Team Games,0,7
Beam Team Games,1,29
Beam Team Games,2,31
BeamNG,0,2
BeamNG,1,6
BeamNG,2,4
Beamdog,0,1
Beamdog,1,2
Beamdog,2,3
BeautiFun Games,2,1
Bedlam Games,0,1
Bedtime Digital Games,1,1
Beenox,1,1
Behold Studios,0,1
Behold Studios,1,2
Behold Studios,2,3
"Ben 'Yahtzee' Croshaw,Collected Worlds",1,1
Ben Prunty Music,2,1
Benjamin Bryant,1,1
Benjamin Rivers Inc.,1,1
Benjamin Rivers Inc.,2,3
Best Gaem Studio,1,1
Best Way,1,2
Best Way,2,1
BetaDwarf,0,1
BetaDwarf,1,2
BetaDwarf,2,1
Bethesda Game Studios,0,37
Bethesda Game Studios,1,157
Bethesda Game Studios,2,190
Biart Company LLC,2,1
Big Ant Studios,2,7
Big Corporation,0,1
Big Corporation,1,5
Big Corporation,2,6
Big Fat Alien,0,1
Big Fat Alien,1,2
Big Fat Alien,2,1
Big Fat Simulations Inc.,1,1
Big Fat Simulations Inc.,2,1
Big Finish Games,2,1
"Big Huge Games,38 Studios",1,7
"Big Huge Games,38 Studios",2,10
Big Robot Ltd,0,2
Big Robot Ltd,1,11
Big Robot Ltd,2,7
BigAnt Studios,2,1
Binary Fortress Software,1,1
"Binary Zoo,The Game Creators",0,1
"Binary Zoo,The Game Creators",1,1
"Binary Zoo,The Game Creators",2,4
BioWare,0,1
BioWare,1,13
BioWare,2,38
BioWare Corporation,2,1
"BioWare,Aspyr (Mac)",0,2
"BioWare,Aspyr (Mac)",1,12
"BioWare,Aspyr (Mac)",2,13
BitFinity,2,1
"BitMonster, Inc.",1,6
"BitMonster, Inc.",2,7
Bitbox Ltd.,0,3
Bitbox Ltd.,1,8
Bitbox Ltd.,2,15
Bithell Games,0,1
Bithell Games,1,13
Bithell Games,2,11
"Bitl,Cobalt-57",0,1
Bizarre Creations,1,2
Bizarre Creations,2,2
Black Death Apps Limited,2,1
Black Element,1,1
Black Element,2,1
Black Eye Games,1,1
Black Eye Games,2,3
Black Forest Games,1,1
Black Isle Studios,0,1
Black Isle Studios,1,5
Black Isle Studios,2,4
Black Jacket Studios,2,1
Black Lion Studios,0,1
Black Pants Studio,1,1
Black Pants Studio,2,7
Black Sea Studios Ltd,1,1
Black Sea Studios Ltd,2,1
Black Shell Games,1,3
Black Shell Games,2,1
BlackSpot Entertainment,2,1
Blackbird Interactive,1,1
Blackbird Interactive,2,2
Blackfire Games,1,1
Blackhole,0,1
Blackhole,1,1
Blackhole,2,2
Blacklight Interactive,0,1
Blacklight Interactive,1,14
Blacklight Interactive,2,5
Blackpowder Games,2,1
BlankMediaGames,0,5
BlankMediaGames,1,12
BlankMediaGames,2,16
Blazing Griffin,1,1
Blazing Griffin,2,2
Blender Foundation,0,1
Blender Foundation,1,4
Blender Foundation,2,4
Blendo Games,0,1
Blendo Games,1,5
Blendo Games,2,5
Blind Sky Studios,1,1
Blind Sky Studios,2,4
BlinkWorks Media,1,4
BlinkWorks Media,2,2
Blit Software,0,2
Blit Software,1,7
Blit Software,2,3
Bloober Team SA,0,1
Bloober Team SA,1,4
Bloober Team SA,2,2
Blooming Buds Studio,1,1
Blue Bottle Games,0,4
Blue Bottle Games,1,2
Blue Bottle Games,2,5
Blue Byte,0,2
Blue Byte,1,6
Blue Byte,2,2
"Blue Byte,Related Designs",1,1
Blue Isle Studios,0,2
Blue Isle Studios,1,6
Blue Isle Studios,2,4
Blue Mammoth Games,0,4
Blue Mammoth Games,1,25
Blue Mammoth Games,2,51
Blue Manchu,1,2
Blue Manchu,2,6
Blue Tea Games,1,1
BlueEagle Productions,1,1
BlueGiant Interactive,0,1
BlueGiant Interactive,2,2
BlueLine Games,1,4
Bluebutton Games,1,3
Bluebutton Games,2,7
Bluehole Ginno Games,1,1
Bluehole Ginno Games,2,2
"Bluehole, Inc.",0,2
"Bluehole, Inc.",1,18
"Bluehole, Inc.",2,27
Bob the Game Development Bot,0,1
Bob the Game Development Bot,2,1
Bohemia Interactive,0,159
Bohemia Interactive,1,482
Bohemia Interactive,2,490
Bombservice,1,1
Boneloaf,0,2
Boneloaf,1,13
Boneloaf,2,9
Bongfish GmbH,0,1
"Boolat Games,Alawar Entertainment",2,2
Boomzap Entertainment,2,1
Born Ready Games,1,1
Born Ready Games Ltd.,0,1
Born Ready Games Ltd.,1,3
Born Ready Games Ltd.,2,5
Boss Baddie,1,2
Boss Baddie,2,1
Bossa Studios,0,10
Bossa Studios,1,67
Bossa Studios,2,40
Brace Yourself Games,0,4
Brace Yourself Games,1,6
Brace Yourself Games,2,7
Brain Bombers,0,1
Brainbox Software,2,1
Brainchild,2,1
Brainy Studio LLC,2,1
Brawsome,2,2
Breakfall,0,1
Breakfall,1,4
Breakfall,2,2
Brian Cronin,1,1
Brian Cronin,2,2
Brightrock Games,0,1
Brightrock Games,1,2
Brightrock Games,2,4
Brilliant Skies Ltd.,0,1
Brilliant Skies Ltd.,1,3
Brilliant Skies Ltd.,2,4
Broken Rules,0,1
Broken Rules,1,2
Bromoco Games,2,1
Browny Application,1,1
Brytenwalda,1,4
Brytenwalda,2,1
"Buddy Cops, LLC",1,1
Bugbear,0,5
Bugbear,1,3
Bugbear,2,19
Bugbear Entertainment,1,6
Bugbear Entertainment,2,7
Bugbyte Ltd.,1,1
Bulbware,2,1
BumpkinBrothers,1,1
BumpkinBrothers,2,1
BurstRay Games,1,1
Burut CT,1,1
Butterscotch Shenanigans,1,1
Butterscotch Shenanigans,2,3
Bytebin,1,1
Bytebin,2,3
C3SK,0,1
C3SK,1,1
C3SK,2,2
CAPCOM,1,1
CAPCOM,2,1
"CAPCOM CO., LTD.",2,1
"CAPCOM Co., Ltd.",0,8
"CAPCOM Co., Ltd.",1,11
"CAPCOM Co., Ltd.",2,8
CAT IN JAR GAMES,1,1
"CAVE Interactive CO.,LTD.",2,1
CCCP,2,2
CCP,0,2
CCP,1,6
CCP,2,7
CD PROJEKT RED,0,3
CD PROJEKT RED,1,25
CD PROJEKT RED,2,32
"CD PROJEKT RED,Can Explode",1,1
"CD PROJEKT RED,Can Explode",2,1
CI Games,0,1
CI Games,1,3
CI Games,2,3
"CI Games,Deck 13",0,2
"CI Games,Deck 13",1,2
"CI Games,Deck 13",2,4
"CINEMAX, s.r.o.",1,2
"CINEMAX, s.r.o.",2,1
CM Softworks,2,1
CRASS Studios,1,1
"CRAZYDIAMOND CO., LTD.",2,4
CSR-Studios,0,1
CSR-Studios,1,4
CSR-Studios,2,5
Cabygon,1,1
Cadence Games,0,1
Cadence Games,2,1
Cadenza Interactive,1,2
Cadenza Interactive,2,1
Camouflaj,2,1
Campo Santo,0,3
Campo Santo,1,7
Campo Santo,2,38
Camshaft Software,1,1
Camshaft Software,2,3
Capcom,0,11
Capcom,1,51
Capcom,2,41
Capcom Game Studio Vancouver,0,1
Capcom Game Studio Vancouver,1,7
Capcom Game Studio Vancouver,2,9
"Capcom U.S.A., Inc.",2,1
Capcom Vancouver,0,3
Capcom Vancouver,1,5
Capcom Vancouver,2,6
Cape Copenhagen,1,1
Capybara Games,1,1
"Capybara,Superbrothers,Jim Guthrie",1,1
"Capybara,Superbrothers,Jim Guthrie",2,2
Carbine Studios,1,1
Carbine Studios,2,6
Carbon Games,0,1
Carbon Games,1,35
Carbon Games,2,35
Cardboard Keep,2,1
Carlsen Games,1,2
Carlsen Games,2,4
Carmine T. Guida,1,1
Carmine T. Guida,2,2
Cat5Games,1,1
Cat5Games,2,1
Cauldron,2,2
Cavedog Entertainment,0,1
Cavedog Entertainment,2,4
Cellar Door Games,0,1
Cellar Door Games,1,12
Cellar Door Games,2,27
Celsius Game Studios,2,1
Centauri Production,1,2
"Chad Close,Kyle Weik",2,1
Chaosoft Games,0,1
Charyb Games,1,1
Chasing Carrots,1,1
Cherry Pop Games,0,2
Cherry Pop Games,1,3
Cherry Pop Games,2,5
Childish Things,1,1
Childish Things,2,1
Choice Provisions,2,1
Choice of Games,1,4
Choice of Games,2,6
Chondrite Games,2,1
Chris Sawyer Productions,1,1
Chris Sawyer Productions,2,3
Chucklefish,0,10
Chucklefish,1,114
Chucklefish,2,213
Cipher Prime Studios,1,3
Cipher Prime Studios,2,1
"Circle Five Studios,Pub Games",0,2
"Circle Five Studios,Pub Games",1,3
"Circle Five Studios,Pub Games",2,3
City Interactive,0,1
City Interactive,1,12
City Interactive,2,7
CivilSavages,1,1
Clapfoot,2,1
Clever Endeavour Games,1,1
Clever Endeavour Games,2,2
ClickGames,0,1
Clickteam,0,1
Clickteam,2,3
Cliffhanger Productions,1,1
"Cliffhanger Productions,Catalyst Games Lab",2,1
Climax Studios,1,3
Climax Studios,2,1
ClockStone,1,2
ClockStone,2,1
Cloud 9 Studio,2,1
"Cloudcade, Inc.",2,1
CoaguCo Industries,2,1
Cobra Mobile,1,1
Cobra Mobile,2,1
Cockroach Inc.,2,1
Cococucumber,0,1
Cococucumber,2,1
Code Club AB,1,1
Code Club AB,2,1
CodeBrush Games,0,7
CodeBrush Games,1,17
CodeBrush Games,2,13
Codemasters,0,1
Codemasters,1,4
Codemasters,2,1
Codemasters Action Studio,1,1
Codemasters Birmingham,2,1
Codemasters Digital,1,1
Codemasters Digital,2,1
"Codemasters Racing,Feral Interactive (Mac)",0,1
"Codemasters Racing,Feral Interactive (Mac)",1,6
"Codemasters Racing,Feral Interactive (Mac)",2,15
"Codemasters Racing,Feral Interactive (Mac),Feral Interactive (Linux)",1,2
"Codemasters Racing,Feral Interactive (Mac),Feral Interactive (Linux)",2,4
Codemasters Studios,0,1
Codemasters Studios,1,3
Codemasters Studios,2,1
"Codemasters,Feral Interactive (Linux)",0,1
"Codemasters,Feral Interactive (Linux)",1,2
"Codemasters,Feral Interactive (Linux)",2,2
"Codemasters,Feral Interactive (Mac)",1,2
"Codemasters,Feral Interactive (Mac)",2,2
Codename Entertainment Inc.,2,2
Code}{atch,0,7
Code}{atch,1,32
Code}{atch,2,18
Coffee Stain Studios,0,20
Coffee Stain Studios,1,164
Coffee Stain Studios,2,151
Cold Beam Games,0,1
Cold Beam Games,1,10
Cold Beam Games,2,11
Colibri Games,2,2
Colonthree Enterprises,0,1
Colossal Games,1,1
Colossal Order Ltd.,0,10
Colossal Order Ltd.,1,32
Colossal Order Ltd.,2,44
"Comcept,Inti Creates",0,1
ComiPo! LLP,1,2
Compulsion Games,1,3
Compulsion Games,2,5
ConcernedApe,0,4
ConcernedApe,1,46
ConcernedApe,2,48
Conrad Nelson,1,1
Convoy Games,2,1
Core Design,0,1
Core Design,1,1
Core Design,2,2
Coredumping,1,1
Coredumping,2,2
"Coreplay GmbH,Bigmoon Studios",1,1
"Coreplay GmbH,Bigmoon Studios",2,1
Corrosive Studios LLC,2,1
Cosmic Cow LLC,0,1
Cosmic Cow LLC,1,4
Cosmic Cow LLC,2,2
Counterplay Games Inc.,1,1
Counterplay Games Inc.,2,4
Crackpot Entertainment,1,2
Crackshell,1,6
Crackshell,2,7
Crankshaft Games,1,1
Crate Entertainment,0,1
Crate Entertainment,1,7
Crate Entertainment,2,10
Crazy Moo Games,1,4
Crazy Moo Games,2,2
Crazy Viking Studios,0,1
Crazy Viking Studios,1,2
Crazy Viking Studios,2,1
"CreSpirit,GemaYue",2,2
Creability,0,2
Creability,1,4
Creability,2,7
Creat Studio,2,1
Creative Assembly,0,16
Creative Assembly,1,53
Creative Assembly,2,53
"Creative Assembly, PC Port - Hardlight",0,2
"Creative Assembly, PC Port - Hardlight",1,2
"Creative Assembly,Feral Interactive (Linux),Feral Interactive (Mac)",0,8
"Creative Assembly,Feral Interactive (Linux),Feral Interactive (Mac)",1,8
"Creative Assembly,Feral Interactive (Linux),Feral Interactive (Mac)",2,20
"Creative Assembly,Feral Interactive (Mac),Feral Interactive (Linux)",0,5
"Creative Assembly,Feral Interactive (Mac),Feral Interactive (Linux)",1,24
"Creative Assembly,Feral Interactive (Mac),Feral Interactive (Linux)",2,22
CreativeForge Games,0,1
CreativeForge Games,1,1
CreativeForge Games,2,1
Creepy Cute,2,1
"Crescent Moon Games,Cinopt Studios",1,1
"Crescent Moon Games,Cinopt Studios",2,1
Crian Soft,1,1
Criterion Games,0,2
Criterion Games,1,14
Criterion Games,2,29
Critical Studio,1,6
Critical Studio,2,6
Croteam,0,1
Croteam,1,10
Croteam,2,21
"Croteam,Alligator Pit",1,1
"Croteam,Alligator Pit",2,1
Crowbar Collective,0,1
Crowbar Collective,1,9
Crowbar Collective,2,14
Crows Crows Crows,0,1
Crows Crows Crows,1,7
Crows Crows Crows,2,13
Cryptic Sea,2,1
Cryptic Studios,0,5
Cryptic Studios,1,36
Cryptic Studios,2,47
Crystal Dynamics,0,1
Crystal Dynamics,1,2
Crystal Dynamics,2,2
"Crystal Dynamics,Feral Interactive (Mac)",2,1
"Crystal Dynamics,Feral Interactive (Mac),Feral Interactive (Linux)",0,9
"Crystal Dynamics,Feral Interactive (Mac),Feral Interactive (Linux)",1,54
"Crystal Dynamics,Feral Interactive (Mac),Feral Interactive (Linux)",2,95
Crystal Shard,2,2
Crytek,0,22
Crytek,1,51
Crytek,2,34
Crytek Studios,0,1
Crytek Studios,1,8
Crytek Studios,2,10
"Curve Digital,FuturLab",2,1
Curve Studios,0,1
Curve Studios,2,1
Cyan Worlds,1,2
Cyanide,1,1
Cyanide,2,1
Cyanide Montreal,0,1
Cyanide Montreal,2,1
Cyanide Studio,0,1
Cyanide Studio,1,2
Cyanide Studio,2,4
Cyanide Studio - Spiders Studios,2,1
Cyanide Studios,0,4
Cyanide Studios,1,5
Cyanide Studios,2,1
CyberConnect2 Co. Ltd.,0,2
CyberConnect2 Co. Ltd.,1,20
CyberConnect2 Co. Ltd.,2,18
"CyberConnect2 Co., Ltd.",1,3
"CyberConnect2 Co., Ltd.",2,9
Cyberdreams,1,1
Cyberlore,2,1
Cybertime System,0,1
Cybertime System,1,4
Cybertime System,2,2
D-Pad Studio,1,2
D-Pad Studio,2,5
DEADFACTORY,1,1
DEVGRU-P,2,3
DICE,0,10
DICE,1,51
DICE,2,58
DIMPS,0,1
DIMPS,1,9
DIMPS,2,21
DL Softworks,0,1
DL Softworks,1,2
DL Softworks,2,4
DONTNOD Entertainment,1,5
DONTNOD Entertainment,2,7
"DONTNOD Entertainment,Feral Interactive (Mac),Feral Interactive (Linux)",0,10
"DONTNOD Entertainment,Feral Interactive (Mac),Feral Interactive (Linux)",1,65
"DONTNOD Entertainment,Feral Interactive (Mac),Feral Interactive (Linux)",2,104
DR Studios,0,2
DR Studios,1,6
DR Studios,2,2
Daedalic Entertainment,0,3
Daedalic Entertainment,1,4
Daedalic Entertainment,2,8
Damaged,1,1
Dambuster Studios,1,1
"Damian Sommer,Emily Carroll",1,1
"Damian Sommer,Emily Carroll",2,2
"Dan  Walters,Ceri Williams",1,3
"Dan  Walters,Ceri Williams",2,1
Dan Fornace,1,7
Dan Fornace,2,6
Dan Walters,1,2
Dancing Dragon Games,0,1
Dancing Dragon Games,2,1
Daniel Davies,1,4
Daniel Davies,2,4
Daniel Jonathan Bourke,1,5
Daniel Jonathan Bourke,2,2
Daniel Mullins Games,0,1
Daniel Mullins Games,1,2
Daniel Mullins Games,2,7
"Daniel Snd,Thiago Adamo",1,1
Darius Bode,1,1
Dark Amber Softworks,1,1
Dark Artz Entertainment,1,1
Dark Day Interactive,1,1
Dark Day Interactive,2,1
Dark Energy Digital Ltd.,0,2
Dark Energy Digital Ltd.,2,2
DarkElite,1,1
DarkElite,2,2
Darklight Games,2,1
Data Realms,1,4
Data Realms,2,7
David Mulder,2,1
David OReilly,0,1
David OReilly,1,15
David OReilly,2,20
David Stark,1,1
David Stark,2,2
David Szymanski,0,1
David Szymanski,1,3
David Szymanski,2,3
David Williamson,2,1
Dawid Bujak,2,1
Day 1 Studios,0,3
Day 1 Studios,1,2
Day 1 Studios,2,5
Daybreak Game Company,0,25
Daybreak Game Company,1,172
Daybreak Game Company,2,240
Days of Wonder,2,1
DeXP,1,1
Dead Mage,1,1
Dead Shark Triplepunch,0,1
Dead Shark Triplepunch,1,2
Dead Shark Triplepunch,2,3
Decent Machine,0,1
Decent Machine,1,1
Deck13,2,1
Deck13 Hamburg,2,2
Deconstructeam,1,6
Deconstructeam,2,1
Deep Red Limited,1,1
Deep Red Limited,2,2
Deep Silver Volition,0,11
Deep Silver Volition,1,106
Deep Silver Volition,2,97
"Deep Silver Volition,High Voltage Software",0,2
"Deep Silver Volition,High Voltage Software",1,7
"Deep Silver Volition,High Voltage Software",2,9
Deepred,2,1
Defence Alliance Team,1,2
Defence Alliance Team,2,2
Defiant Development,1,1
Defiant Development,2,8
Deion Mobile,1,1
"Dejobaan Games, LLC",1,2
"Dejobaan Games, LLC",2,5
Dekovir Entertainment,1,4
Dekovir Entertainment,2,2
Demiurge Studios,0,1
Demiurge Studios,2,6
Dennaton Games,0,23
Dennaton Games,1,75
Dennaton Games,2,66
Denver Productions,1,2
Desert Owl Games LLC,1,1
Destructive Creations,1,4
Destructive Creations,2,1
Devespresso Games,2,1
Devil's Details,0,2
Devil's Details,1,5
Devil's Details,2,7
Dharker Studio,1,2
DiezelPower,1,3
DiezelPower,2,4
Digerati Distribution,0,1
Digerati Distribution,1,1
Digerati Distribution,2,4
DiggerWorld Ltd.,1,5
DiggerWorld Ltd.,2,2
Digital Arrow,2,1
Digital Confectioners,0,2
Digital Confectioners,1,24
Digital Confectioners,2,32
Digital Dawn Studios,0,1
Digital Dawn Studios,2,1
Digital Extremes,0,20
Digital Extremes,1,272
Digital Extremes,2,314
Digital Furnace Games,1,1
Digital Happiness,2,1
Digital Leisure Inc.,0,1
Digital Leisure Inc.,1,4
Digital Melody,0,1
Digital Melody,1,2
Digital Melody,2,2
Digital Tentacle,2,1
Digitalmindsoft,0,5
Digitalmindsoft,1,12
Digitalmindsoft,2,16
Diminished Studios,0,1
Diminished Studios,2,1
Dimmdrive Inc.,2,1
Dingaling,0,2
Dingaling,1,4
Dingaling,2,3
Dingo Games,2,3
Dinosaur Polo Club,0,1
Dinosaur Polo Club,1,2
Dinosaur Polo Club,2,11
Dischan Media,2,4
Disney Interactive,2,1
DnS Development,0,2
Doctor Entertainment AB,0,1
Doctor Entertainment AB,1,10
Doctor Entertainment AB,2,17
Dodge Roll,0,2
Dodge Roll,1,3
Dodge Roll,2,5
Dogenzaka Lab,1,1
DolphinBarn,2,1
Dominique Grieshofer,2,8
Doomster Entertainment,2,1
DotEmu,1,2
DotEmu,2,3
Double Action Factory,0,3
Double Action Factory,1,29
Double Action Factory,2,18
Double Damage Games,1,3
Double Damage Games,2,1
"Double Eleven,Q-Games Ltd.",1,1
"Double Eleven,Q-Games Ltd.",2,1
Double Fine Productions,0,5
Double Fine Productions,1,26
Double Fine Productions,2,47
Double Helix Games,1,1
Double Helix Games,2,1
"Double Helix Games,Capcom",1,1
"Double Helix Games,Rainbow Studios,THQ Nordic",1,3
"Double Helix Games,Rainbow Studios,THQ Nordic",2,7
DoubleBear Productions,0,1
DoubleBear Productions,1,1
DoubleBear Productions,2,1
DoubleDutch Games,0,4
DoubleDutch Games,1,36
DoubleDutch Games,2,42
Doublesix Games,2,1
Dovetail Games,0,2
Dovetail Games,1,14
Dovetail Games,2,15
Dragonfly,0,1
Dragonfly,1,16
Dragonfly,2,17
"Dragonfly GF Co., LTD",1,2
DreaMory,1,1
Dreadbit,1,1
Dream Reactor,1,1
Dreampainters,1,1
Dreampainters,2,1
DrinkBox Studios,1,2
DrinkBox Studios,2,8
Drixy Games,2,1
Droqen,1,1
Dry Cactus,1,2
Dry Cactus,2,1
Ductape studio,0,1
Ductape studio,1,2
Duelboot,2,1
"Dumativa Creative Studio,Castro Brothers",1,1
Dylan Fitterer,0,1
Dylan Fitterer,1,19
Dylan Fitterer,2,35
EA - Maxis,1,2
EA - Maxis,2,2
"EA - Maxis,Aspyr (Mac)",1,2
"EA - Maxis,Aspyr (Mac)",2,4
EA Black Box,1,1
EA Los Angeles,0,2
EA Los Angeles,1,12
EA Los Angeles,2,15
EA Redwood Shores,0,2
EA Redwood Shores,1,14
EA Redwood Shores,2,3
ES Team,2,1
ESTsoft Corp.,1,1
EVGA,1,1
EXE-CREATE,1,1
EXOR Studios,0,1
EXOR Studios,1,1
Eagle Dynamics SA,2,1
EasyAntiCheat Ltd,2,3
EasyGameStation,0,1
EasyGameStation,1,3
EasyGameStation,2,9
Eat Create Sleep,0,1
Eat Create Sleep,1,3
Eat Create Sleep,2,2
Ed Key and David Kanaga,0,1
Ed Key and David Kanaga,1,3
Ed Key and David Kanaga,2,6
Edelweiss,0,1
Edelweiss,1,1
Edelweiss,2,1
"Eden Games,Hydravision Entertainment",1,1
Eden Industries,1,3
Eden Industries,2,2
Eden Studios,1,3
Eden Studios,2,4
Edge Case Games Ltd.,0,3
Edge Case Games Ltd.,1,13
Edge Case Games Ltd.,2,15
Edge of Reality,0,33
Edge of Reality,1,158
Edge of Reality,2,174
Edmund McMillen and Florian Himsl,0,18
Edmund McMillen and Florian Himsl,1,63
Edmund McMillen and Florian Himsl,2,102
"Edmund McMillen, Florian Himsl",1,3
"Edmund McMillen, Florian Himsl",2,2
"Edmund McMillen,James Id",2,1
"Edmund McMillen,Tyler Glaiel",2,1
Eforb,0,1
Eforb,1,6
Eforb,2,2
Egamea Game Studios,1,1
Egamea Game Studios,2,1
Eggcode,1,2
Eggcode,2,2
Eggtooth Team,0,1
Egosoft,0,5
Egosoft,1,8
Egosoft,2,4
Eidos Interactive,1,1
"Eidos Montreal,Feral Interactive (Linux),Feral Interactive (Mac)",0,1
"Eidos Montreal,Feral Interactive (Linux),Feral Interactive (Mac)",1,3
"Eidos Montreal,Feral Interactive (Linux),Feral Interactive (Mac)",2,11
"Eidos Montreal,Feral Interactive (Mac)",0,3
"Eidos Montreal,Feral Interactive (Mac)",1,7
"Eidos Montreal,Feral Interactive (Mac)",2,18
Eidos Studio Hungary,1,3
Eidos Studio Hungary,2,1
"Eidos-Montréal,Feral Interactive (Mac)",0,6
"Eidos-Montréal,Feral Interactive (Mac)",1,14
"Eidos-Montréal,Feral Interactive (Mac)",2,7
EightyEightGames,0,2
EightyEightGames,1,2
EightyEightGames,2,3
Eko Software,0,1
Eko Software,1,15
Eko Software,2,19
Ekuator Games,2,1
ElagoTech,1,1
Elder Games,1,1
Elecorn,1,3
Elecorn,2,8
Electronic Arts,0,1
Electronic Arts,1,7
Electronic Arts,2,5
Eleon Game Studios,0,1
Eleon Game Studios,1,2
Eleon Game Studios,2,5
"Elias Viglione,Jussi Kukkonen",0,2
"Elias Viglione,Jussi Kukkonen",1,10
"Elias Viglione,Jussi Kukkonen",2,11
Elijah Newman-Gomez,0,2
Elijah Newman-Gomez,1,6
Elijah Newman-Gomez,2,10
Elite Games Team,2,1
Elixir Studios,1,1
Elixir Studios,2,2
Elliptic Games,1,1
Elliptic Games,2,2
Emmanuel Salva Cruz,2,2
Empires,2,2
Empty Clip Studios,1,1
Empty Clip Studios,2,1
Endgame Studios,1,1
Endless Loop Studios,1,1
Endless Loop Studios,2,2
Endlessfluff Games,0,1
Endlessfluff Games,2,1
Endnight Games Ltd,0,19
Endnight Games Ltd,1,76
Endnight Games Ltd,2,109
Ensemble Studios,0,1
Ensemble Studios,1,16
Ensemble Studios,2,23
EnsenaSoft,1,1
Entheogen Studios LLC,1,1
Entity Medialab,2,1
Entrada Interactive LLC,0,1
Entrada Interactive LLC,1,4
Entrada Interactive LLC,2,11
"Epic Games, Inc.",1,5
"Epic Games, Inc.",2,6
Epiphany Games,2,1
Eren Aydın,0,1
"Eric Chahi,DotEmu",2,1
"Eric Hartman,Ben Garney,Anthony Rotondo",0,4
"Eric Hartman,Ben Garney,Anthony Rotondo",1,8
"Eric Hartman,Ben Garney,Anthony Rotondo",2,6
Eric Provan - Ayyo Games,0,1
Erik Asmussen,0,1
Erik Asmussen,1,2
Erik Asmussen,2,6
"Erik Svedäng,El Huervo / Niklas Åkerblad,Tobias Sjögren,Oscar ""Ratvader"" Rydelius,Johannes Gotlén",2,1
Ethrea Dreams,2,1
Eugen Systems,0,5
Eugen Systems,1,19
Eugen Systems,2,20
Eurocom,2,1
Evan Todd,1,1
Everything Unlimited Ltd.,0,2
Everything Unlimited Ltd.,1,24
Everything Unlimited Ltd.,2,20
Evgenii Gubanov,2,1
"Evgeny Shcherbakov,Denis Ovsyannikov",2,1
Evil Tortilla Games,0,3
Evil Tortilla Games,1,9
Evil Tortilla Games,2,5
Evil Twin Artworks,1,1
Evil Twin Artworks,2,1
ExDream GmbH,2,2
Exato Game Studios,2,1
Exato Games Studio,1,1
Exato Games Studio,2,4
Excalibur,2,1
Exe Games Inc.,0,3
Exe Games Inc.,1,11
Exe Games Inc.,2,6
Exor Studios,1,3
"Expansive Worlds,Avalanche Studios",0,12
"Expansive Worlds,Avalanche Studios",1,42
"Expansive Worlds,Avalanche Studios",2,38
Extend Studio,1,1
Extend Studio,2,2
Extrokold Games,0,1
Eyebrow Interactive,2,3
Eyedentity Games Inc.,1,5
Eyedentity Games Inc.,2,15
Eyemobi Ltd.,2,2
Eyzi,0,2
Eyzi,1,16
Eyzi,2,3
FIVE-BN GAMES,1,1
FIVE-BN GAMES,2,1
"FIX Korea, Co.LTD,FIX Games, Co. LTD",0,21
"FIX Korea, Co.LTD,FIX Games, Co. LTD",1,54
"FIX Korea, Co.LTD,FIX Games, Co. LTD",2,50
FOAM Entertainment,2,1
FRENCH-BREAD,1,2
Fabio Ferrara,0,4
Fabio Ferrara,1,6
Fabio Ferrara,2,3
"Fabio Ferrara,Davide Caio,Nicolò Azzolini,Antonio Carcagnì,Luigi Di Guida,Tommaso Vita",0,5
"Fabio Ferrara,Davide Caio,Nicolò Azzolini,Antonio Carcagnì,Luigi Di Guida,Tommaso Vita",1,19
"Fabio Ferrara,Davide Caio,Nicolò Azzolini,Antonio Carcagnì,Luigi Di Guida,Tommaso Vita",2,16
"Fabio Ferrara,Giulia Airoldi",1,2
"Fabio Ferrara,Giulia Airoldi",2,2
Facepunch Studios,0,186
Facepunch Studios,1,1077
Facepunch Studios,2,1207
"Factor 5,LucasArts",1,1
Failbetter Games,0,2
Failbetter Games,2,4
Fallen Snow Studios,2,1
"Fancy Bytes, Reactor",2,1
Fancy Fish Games,1,1
FarSight Studios,1,2
FarSight Studios,2,2
Farsky Interactive,0,1
Farsky Interactive,1,3
Farsky Interactive,2,6
Fatshark,0,5
Fatshark,1,13
Fatshark,2,15
Fayju,1,1
Fayju,2,1
Fermenter Games,2,1
Fervent,2,1
Fictiorama Studios,1,1
Fiddlesticks Games,2,1
"Filip Victor,Valve",1,2
"Filip Victor,Valve",2,2
Final Boss Entertainment,2,1
Final Form Games,1,1
Final Form Games,2,2
"Finji,Kittehface Software",2,1
Firaxis Games,0,2
Firaxis Games,1,4
Firaxis Games,2,12
"Firaxis Games,Aspyr (Mac, Linux)",0,18
"Firaxis Games,Aspyr (Mac, Linux)",1,145
"Firaxis Games,Aspyr (Mac, Linux)",2,206
"Firaxis Games,Feral Interactive (Mac)",2,1
"Firaxis Games,Feral Interactive (Mac),Feral Interactive (Linux)",0,8
"Firaxis Games,Feral Interactive (Mac),Feral Interactive (Linux)",1,42
"Firaxis Games,Feral Interactive (Mac),Feral Interactive (Linux)",2,55
"Firaxis,Feral Interactive (Mac and Linux)",0,1
"Firaxis,Feral Interactive (Mac and Linux)",2,2
"Firaxis,Feral Interactive (Mac),Feral Interactive (Linux)",0,2
"Firaxis,Feral Interactive (Mac),Feral Interactive (Linux)",1,16
"Firaxis,Feral Interactive (Mac),Feral Interactive (Linux)",2,19
FireFly Studios,0,4
FireFly Studios,1,25
FireFly Studios,2,15
Firebase Industries Ltd.,2,1
Firemint,2,1
Fireproof Games,1,1
Fireproof Games,2,2
Fishcow Studio,1,1
Fishing Cactus,2,1
Fishing Planet LLC,1,5
Fishing Planet LLC,2,5
Fishlabs Entertainment GmbH,0,1
Fishlabs Entertainment GmbH,2,1
Fistful of Frags Team,0,8
Fistful of Frags Team,1,71
Fistful of Frags Team,2,49
Fixpoint Productions Ltd.,1,1
Fixpoint Productions Ltd.,2,1
"Flashback Games,The Lordz Games Studio",1,1
Flox Studios Ltd.,2,1
Flump Studios,1,1
FlyAnvil,1,2
FlyAnvil,2,1
Flying Cafe for Semianimals,2,1
Flying Helmet Games,1,1
Flying Wild Hog,0,8
Flying Wild Hog,1,15
Flying Wild Hog,2,21
Flyleap Studios,1,1
Flyleap Studios,2,1
Flyleap Studios Pty. Ltd.,2,3
Focus Home Interactive,1,5
Focus Home Interactive,2,1
Forbes Consult Ltd,2,1
Force Of Habit,2,1
Forever Entertainment S. A.,0,3
Forever Entertainment S. A.,1,10
Forever Entertainment S. A.,2,2
"Fortress Forever Development Team,Trepid Studios",0,3
Four Quarters,1,2
Four Quarters,2,2
FourbitFriday,1,1
Fractal Phase,1,1
FreakZone Games,0,3
FreakZone Games,1,5
FreakZone Games,2,1
Freakinware Limited,0,1
Freakinware Limited,1,1
Freakinware Studios,0,3
Freakinware Studios,1,11
Freakinware Studios,2,12
Fred Wood,1,3
Fred Wood,2,1
"Free Games Info,hyperboreanGames",2,1
Free Lives,0,8
Free Lives,1,53
Free Lives,2,58
Free Reign Entertainment,0,1
Free Reign Entertainment,1,15
Free Reign Entertainment,2,10
Freebird Games,0,3
Freebird Games,1,23
Freebird Games,2,41
Freegamer,0,1
Freegamer,1,1
Freejam,0,34
Freejam,1,141
Freejam,2,167
FreezeNova,1,1
Fresh3D,2,1
Frictional Games,0,14
Frictional Games,1,33
Frictional Games,2,16
Frima Studio,2,1
Frogames,1,2
Frogames,2,4
Frogdice,0,1
Frogdice,2,1
Frogshark,2,1
Frogsong Studios AB,0,1
Frogwares,0,1
Frogwares,1,3
Frogwares,2,7
FromSoftware,0,35
FromSoftware,1,67
FromSoftware,2,50
"FromSoftware, Inc",0,18
"FromSoftware, Inc",1,49
"FromSoftware, Inc",2,40
"FromSoftware, Inc.",0,12
"FromSoftware, Inc.",1,21
"FromSoftware, Inc.",2,26
Frontier Developments,2,1
"Frontier,Aspyr (Mac)",1,6
"Frontier,Aspyr (Mac)",2,2
Frontwing,1,2
Frontwing,2,2
Frozenbyte,0,1
Frozenbyte,1,11
Frozenbyte,2,31
Fugazo,2,1
Full Control,1,1
Full Control,2,1
Full Control Studios,1,1
Full Control Studios,2,4
FullPowerSideAttack.com,1,1
Fullbright,0,2
Fullbright,1,12
Fullbright,2,28
Fun Sponge Games,2,1
Funcom,0,2
Funcom,1,4
Funcom,2,6
"Funselektor Labs Inc.,FlippFly",1,3
"Funselektor Labs Inc.,FlippFly",2,4
Furiously Inactive Games,2,1
Futuremark,2,4
G-OLD,2,1
G-TraX,1,1
G2CREW,0,1
G2CREW,1,1
G2CREW,2,1
"GAME ARTS Co., Ltd.,SkyBox Labs",2,1
GDT Limited,2,1
GNISoft,1,1
GSC Game World,0,1
GSC Game World,1,11
GSC Game World,2,15
GTGD,2,1
GabberGames.com,2,1
Gaijin Entertainment,1,4
Gaijin Entertainment,2,2
Gaijin Entertainment Corporation,1,2
Gaijin Entertainment Corporation,2,3
Gaijin Games,0,3
Gaijin Games,1,18
Gaijin Games,2,17
Galactic Cafe,0,5
Galactic Cafe,1,35
Galactic Cafe,2,62
GalaxyTrail,1,1
GalaxyTrail,2,9
Gambrinous,2,1
Game Dev Castle,2,3
Game Distillery s.r.o.,2,1
Game Mechanics,0,1
Game Mechanics,1,2
Game Mechanics,2,1
Game in a Bottle,1,2
Game in a Bottle,2,1
Game-Labs,1,3
Game-Labs,2,2
GameArt Studio GmbH,1,1
GameArt Studio GmbH,2,1
"GameConnect,InterWave Studios",0,2
"GameConnect,InterWave Studios",1,2
"GameConnect,InterWave Studios",2,2
GameCrafterTeam,0,2
GameCrafterTeam,1,1
GameORE,0,1
GameORE,1,4
GameORE,2,2
GamePrix,1,1
GamePrix,2,1
GameUS Inc,0,1
GameUS Inc.,1,1
GameUS Inc.,2,1
"Gamebryo,Virtual Playground",2,1
Gameguyz,1,1
Gamepires,2,3
"Games by Robert, LLC",2,1
Gaming Minds,2,1
Gaming Minds Studios,1,1
Gamious,1,1
Ganz,0,1
Ganz,1,3
Ganz,2,4
Gas Powered Games,0,2
Gas Powered Games,1,12
Gas Powered Games,2,24
"Gaslamp Games, Inc.",0,1
"Gaslamp Games, Inc.",1,3
"Gaslamp Games, Inc.",2,3
Gatling Goat Studios,2,1
"GearBox Software,Aspyr (Mac &amp; Linux)",1,1
Gearbox Software,0,4
Gearbox Software,1,35
Gearbox Software,2,42
"Gearbox Software,Aspyr (Mac &amp; Linux)",0,28
"Gearbox Software,Aspyr (Mac &amp; Linux)",1,206
"Gearbox Software,Aspyr (Mac &amp; Linux)",2,316
"Gearbox Software,Aspyr (Mac)",0,2
"Gearbox Software,Aspyr (Mac)",1,3
"Gearbox Software,Aspyr (Mac)",2,5
Geek Sloth Games,1,1
Genee Network,0,1
General Arcade,1,1
General Arcade,2,1
Genetix Studio,2,1
Geniaware Srl,0,1
"Geoff ""Zag"" Keene",2,1
Geoff Keighley,0,1
Geoff Keighley,1,3
Ghost Town Games Ltd.,1,1
Ghost Town Games Ltd.,2,1
GhostShark,0,2
GhostShark,1,7
GhostShark,2,6
Giant Army,1,4
Giant Army,2,4
Giant Squid,1,1
Giant Squid,2,3
Giants Software,1,15
Giants Software,2,20
Ginger Labs LLC,2,1
Gl33k,1,1
Gl33k,2,2
Glass Knuckle Games,2,2
GlyphX Games,1,1
Going Loud Studios,1,8
Going Loud Studios,2,19
Goldhawk Interactive,1,1
Goldhawk Interactive,2,1
GolemLabs,2,1
Gone North Games,1,7
Gone North Games,2,10
Good Games,2,1
Gravity Interactive,0,2
Gravity Interactive,1,2
Gravity Interactive,2,3
"Gravity, Inc.",0,2
"Gravity, Inc.",1,6
"Gravity, Inc.",2,2
"Gravvit Ltd,Forbes  Consult Ltd",1,2
Gray Matter Studios,1,1
Gray Matter Studios,2,2
Great War Team,1,1
Great War Team,2,4
Green Lava Studios,1,4
Green Lava Studios,2,3
Greenheart Games,0,4
Greenheart Games,1,25
Greenheart Games,2,56
Gremlin Interactive,1,1
Gremlin Interactive,2,1
Grey Alien Games,2,1
Grey Havens,0,6
Grey Havens,1,78
Grey Havens,2,67
Grip Games,0,2
Grip Games,1,1
Grip Games,2,2
"Gromada,Buka Entertainment",2,1
Grynsoft,1,5
Grynsoft,2,2
"Gunfire Games,Vigil Games,THQ Nordic",1,1
"Gunfire Games,Vigil Games,THQ Nordic",2,1
Guru Games,0,1
"HANBITSOFT, INC.,IMC GAMES CO.,LTD.",2,1
HE SAW,2,1
Haemimont Games,0,2
Haemimont Games,1,19
Haemimont Games,2,34
"Haemimont Games,Feral Interactive (Mac)",1,1
Halfbus,1,1
Halfbus,2,2
Halissoni,1,1
Halycon Media GmbH &amp; Co. KG,1,1
Hammer Labs,2,2
Hammerfall Publishing,0,1
Hammerfall Publishing,1,2
Hammerfall Publishing,2,2
Hanako Games,0,5
Hanako Games,1,5
Hanako Games,2,5
HandMade Game,0,1
Handyman Studios,1,5
Handyman Studios,2,6
Hardsuit Labs,0,10
Hardsuit Labs,1,67
Hardsuit Labs,2,71
Harebrained Schemes,0,4
Harebrained Schemes,1,1
Harebrained Schemes,2,11
Harvester Games,1,1
Harvester Games,2,2
"Hassey Enterprises, Inc.",1,4
"Hassey Enterprises, Inc.",2,2
HeR Interactive,1,1
HeR Interactive,2,1
Headfirst Productions,2,1
Headup Games / Crenetic,0,1
Headup Games / Crenetic,1,1
Headup Games / Radon Labs,1,2
Heart Machine,0,1
Heart Machine,1,4
Heart Machine,2,3
Heartbit Interactive,2,1
Hellbent Games,1,2
Hello Games,0,27
Hello Games,1,90
Hello Games,2,60
Hello There AB,0,1
Hello There AB,1,3
Hello There AB,2,5
Hemisphere Games,1,1
Hemisphere Games,2,1
"Henrique Pegacha,Rafael Lima,Nuno Guerreiro",0,1
Hesketh Studios,0,1
Hesketh Studios,1,2
Hesketh Studios,2,2
Hexage,2,2
Heydeck Games,0,1
Heydeck Games,1,2
Hi-Rez Studios,0,7
Hi-Rez Studios,1,62
Hi-Rez Studios,2,71
Hidden Path Entertainment,1,2
Hidden Path Entertainment,2,7
High Impact Games,2,1
Hinterland Studio Inc.,0,4
Hinterland Studio Inc.,1,14
Hinterland Studio Inc.,2,22
Hipix Studio,1,1
Hippomancer,1,1
Hitbox Team,1,3
Hitbox Team,2,3
Hitcents,0,1
Hitcents,1,3
Hitcents,2,3
Holotech Studios,0,1
Holotech Studios,1,5
Holotech Studios,2,8
Holy Priest,0,2
Holy Priest,1,4
Holy Priest,2,10
"Holy Warp,Black Wing Foundation",0,1
"Holy Warp,Black Wing Foundation",1,1
Home Net Games,1,1
Hoobalugalar_X,0,3
Hoobalugalar_X,1,11
Hoobalugalar_X,2,12
"Hopoo Games, LLC",0,4
"Hopoo Games, LLC",1,47
"Hopoo Games, LLC",2,65
Hosted Games,1,1
Hosted Games,2,2
Hostel Games,1,1
Hostel Games,2,1
Hothead Games,0,1
Hothead Games,1,1
Hothead Games,2,2
House On Fire,2,1
House of Tales,1,1
Housemarque,2,1
Humble Hearts LLC,0,1
Humble Hearts LLC,1,13
Humble Hearts LLC,2,25
Humongous Entertainment,1,4
Humongous Entertainment,2,10
HuniePot,0,2
HuniePot,1,24
HuniePot,2,18
Hunted Cow Studios,1,1
Hunted Cow Studios,2,5
Hydravision Entertainment,1,2
Hydravision Entertainment,2,2
Hyper Hippo Games,0,3
Hyper Hippo Games,1,83
Hyper Hippo Games,2,50
HyperSloth,0,2
HyperSloth,1,2
Hypercane Studios,0,1
Hörberg Productions,1,2
Hörberg Productions,2,2
I Fight Bears,1,1
I Fight Bears,2,1
ICE Entertainment,0,2
ICE Entertainment,1,1
ICE Entertainment,2,6
"IDEA FACTORY Co., Ltd.,COMPILE HEART Co., Ltd.,FELISTELLA Co., Ltd.",1,10
"IDEA FACTORY Co., Ltd.,COMPILE HEART Co., Ltd.,FELISTELLA Co., Ltd.",2,18
IDHAS Studios,2,1
IF Studios,1,1
"IMCGAMES Co.,Ltd.",0,2
"IMCGAMES Co.,Ltd.",1,13
"IMCGAMES Co.,Ltd.",2,8
IMGN.PRO,0,1
IO Entertainment,1,1
IO Entertainment,2,1
IO Interactive,0,1
IO Interactive,1,4
IO Interactive,2,3
"IO Interactive A/S,Feral Interactive (Linux),Feral Interactive (Mac)",1,7
"IO Interactive A/S,Feral Interactive (Linux),Feral Interactive (Mac)",2,12
IPACS,1,1
ISOTX,2,1
Ian Campbell,0,2
Ian Campbell,1,2
Ian Campbell,2,5
Ice Water Games,1,7
Ice Water Games,2,8
Ice-Pick Lodge,1,2
Ice-Pick Lodge,2,2
"Ice-Pick Lodge,General Arcade",1,1
Icetesy SPRL,2,8
Idea Factory,0,1
Idea Factory,1,1
Idea Factory,2,6
"Idea Factory,Compile Heart",1,5
"Idea Factory,Compile Heart",2,1
"Idea Factory,Compile Heart,Felistella",1,8
"Idea Factory,Compile Heart,Felistella",2,3
"Idea Factory,Compile Heart,Sting",0,1
"Idea Factory,Compile Heart,Tamsoft",2,3
"Idea Factory,Design Factory",2,1
Idigicon,0,1
Idigicon,1,1
Idigicon,2,1
Idol FX,1,3
Igry.ru,2,1
"Iguana Entertainment,Nightdive Studios",0,1
"Iguana Entertainment,Nightdive Studios",2,1
IllFonic,2,1
Illwinter Game Design,2,1
Imaekgames [Imaek Limited],1,1
Image &amp; Form,2,3
Immersive Douro,1,1
Incandescent Games,2,1
Inferno Games,2,1
Infinite Interactive,1,1
Infinite Interactive,2,2
Infinite Monkeys Entertainment Ltd.,2,1
Infinity Plus 2,1,1
Infinity Plus 2,2,1
Infinity Ward,0,19
Infinity Ward,1,47
Infinity Ward,2,31
"Infinity Ward,Aspyr (Mac)",0,7
"Infinity Ward,Aspyr (Mac)",1,56
"Infinity Ward,Aspyr (Mac)",2,46
Ink Stains Games,2,1
Innocent Grey,1,1
Ino-Co,2,1
Ino-Co Plus,1,3
Instant Kingdom,1,1
Instant Kingdom,2,1
Insurgency Development Team,0,1
Insurgency Development Team,1,1
Insurgency Development Team,2,2
InterAction studios,1,2
Interceptor Entertainment,1,2
Interceptor Entertainment,2,6
Interdimensional Games Inc,1,2
Interdimensional Games Inc,2,1
Interplay Inc.,1,4
Interplay Inc.,2,3
Introversion Software,0,24
Introversion Software,1,33
Introversion Software,2,62
Invent4 Entertainment,0,20
Invent4 Entertainment,1,50
Invent4 Entertainment,2,37
InvertMouse,0,2
InvertMouse,1,3
InvertMouse,2,9
"Invictus-Games LLC.,ImageCode LLC.",2,1
Io-Interactive A/S,0,1
Io-Interactive A/S,1,15
Io-Interactive A/S,2,5
"Io-Interactive A/S,Feral Interactive (Linux),Feral Interactive (Mac)",2,1
"Io-Interactive A/S,Feral Interactive (Mac)",0,7
"Io-Interactive A/S,Feral Interactive (Mac)",1,22
"Io-Interactive A/S,Feral Interactive (Mac)",2,43
Ion Storm,0,2
Ion Storm,1,10
Ion Storm,2,10
IonFX,2,1
IonFx,2,1
Iridium Studios,2,6
"Iron Galaxy Studios, LLC",1,6
Iron Tower Studio,1,2
"Ironclad Games,Stardock Entertainment",0,2
"Ironclad Games,Stardock Entertainment",1,6
"Ironclad Games,Stardock Entertainment",2,18
Ironhide Game Studio,1,3
Ironhide Game Studio,2,13
Ironsun Studios,2,1
Irrational Games,2,1
"Irrational Games,Aspyr (Mac),Virtual Programming (Linux)",0,13
"Irrational Games,Aspyr (Mac),Virtual Programming (Linux)",1,89
"Irrational Games,Aspyr (Mac),Virtual Programming (Linux)",2,163
"Irrational Games,Looking Glass Studios",0,2
"Irrational Games,Looking Glass Studios",1,2
"Irrational Games,Looking Glass Studios",2,3
Italic Pig,2,1
Ivan Zanotti's MyMadness Works,1,1
Ivan Zanotti's MyMadness Works,2,2
Ivory Tower in collaboration with Ubisoft Reflections,0,1
Ivory Tower in collaboration with Ubisoft Reflections,1,11
Ivory Tower in collaboration with Ubisoft Reflections,2,6
JAVELIN OÜ,0,1
JCKSLAP,0,1
JCKSLAP,1,4
JDM4iK,1,4
JDM4iK,2,11
JE Software,1,1
JForce Games,0,2
JForce Games,1,3
JForce Games,2,9
JIW-Games,0,1
JIW-Games,1,3
JIW-Games,2,2
"Jackbox Games, Inc.",0,1
"Jackbox Games, Inc.",2,4
Jae Lee Productions,1,1
Jagex,2,1
Jagex Limited,0,10
Jagex Limited,1,82
Jagex Limited,2,51
"Jagex,Artplant",0,5
"Jagex,Artplant",1,29
"Jagex,Artplant",2,14
Jarhead Games,0,1
Jason Oda,2,1
Jason Rohrer,1,1
Jason Rohrer,2,1
Jasper Byrne,0,1
Jasper Byrne,2,1
JetCat Games,1,2
"Jetdogs Studios,Zoom Out Games",0,1
"Jetdogs Studios,Zoom Out Games",1,3
"Jetdogs Studios,Zoom Out Games",2,2
Jimbob Games,0,1
JoWooD Vienna,1,1
Johannes Eski,1,4
Johannes Eski,2,3
John Cullen,1,1
John Szymanski,1,1
John Wizard,1,1
Jon Gallant,2,2
Jon Sudbury Games,2,1
Jonathan Wood,2,3
Josh Koenig (Slashandz),2,1
Joshua Neurnberger,2,1
Joycity,0,1
Joycity,1,9
Joycity,2,5
Juicy Beast Studio,2,1
Jujubee S.A.,2,1
JumpCore Productions,1,2
"JumpStart Games, Inc.",0,4
"JumpStart Games, Inc.",1,4
"JumpStart Games, Inc.",2,2
"Jundroo, LLC",0,1
"Jundroo, LLC",1,5
"Jundroo, LLC",2,4
"Jurlo,JetPackGone",1,1
"Jurlo,JetPackGone",2,1
"Just Add Water (Developments), Ltd.",0,1
"Just Add Water (Developments), Ltd.",1,1
"Just Add Water (Developments), Ltd.",2,2
K Bros Games,2,2
KADOKAWA,1,3
KADOKAWA,2,6
KADOKAWA GAMES / GRASSHOPPER MANUFACTURE,1,1
KADOKAWA GAMES / GRASSHOPPER MANUFACTURE,2,4
"KADOKAWA,Yoji Ojima",2,2
KHB-Soft,2,1
KING Art,2,1
KITATUS STUDIOS,0,2
KIXEYE,0,1
KIXEYE,1,1
"KOEI TECMO GAMES CO., LTD.",0,4
"KOEI TECMO GAMES CO., LTD.",1,11
"KOEI TECMO GAMES CO., LTD.",2,6
KOG,0,4
KOG,1,14
KOG,2,12
Kalypso Media Digital,0,1
Kaos Studios,2,1
"Kaos Studios,Digital Extremes",0,1
"Kaos Studios,Digital Extremes",1,2
"Kaos Studios,Digital Extremes",2,4
Katapult,0,1
Katauri,0,1
Katauri,1,3
Katauri,2,2
Katauri Interactive,2,1
Keen Games,0,2
Keen Games,1,2
Keen Games,2,3
Keen Software House,0,1
Keen Software House,1,8
Keen Software House,2,7
Keinart Lobre,2,2
Kerberos Productions,2,1
Kerberos Productions Inc.,1,2
Kerberos Productions Inc.,2,2
Kew McParlane,1,1
Key17 Games,1,1
Kheops Studio,2,1
Kiddy,0,1
KillHouse Games,1,5
KillHouse Games,2,5
Killmonday Games AB,2,2
Kinelco &amp; Lone Elk Creative,1,1
Kinelco &amp; Lone Elk Creative,2,4
KintoGames,0,1
KintoGames,1,2
KintoGames,2,1
Kitfox Games,2,2
Kittehface Software,1,1
Klace,1,1
Klei Entertainment,0,17
Klei Entertainment,1,50
Klei Entertainment,2,86
"Klei Entertainment,Capybara Games",0,2
"Klei Entertainment,Capybara Games",2,6
Kloonigames,1,1
Kloonigames,2,1
Knuckle Cracker,1,1
Knuckle Cracker,2,2
"Koboldgames,Daedalic Entertainment",1,1
Koga Tech Limited,2,3
Kojima Productions,0,1
Kojima Productions,1,8
Kojima Productions,2,11
Konami Digital Entertainment,0,7
Konami Digital Entertainment,1,42
Konami Digital Entertainment,2,24
Konsordo,0,2
Konsordo,1,2
Konsordo,2,2
Konstantin Koshutin,0,1
Konstantin Koshutin,1,2
Konstantin Koshutin,2,2
Kot in Action Creative Artel,1,1
Krillbite Studio,0,4
Krillbite Studio,1,44
Krillbite Studio,2,35
Krome Studios,0,1
Krome Studios,2,3
Kronosaur Productions,1,1
Kudosoft,2,3
Kukouri,1,2
Kukouri,2,2
Kumobius,1,2
Kuno Interactive,1,1
Kyle Seeley,0,14
Kyle Seeley,1,99
Kyle Seeley,2,54
Kylotonn Entertainment,1,1
Kylotonn Racing Games,1,1
LDC Studios,2,1
LGK Games,2,1
LUCKY GIRLS LIMITED,2,1
LWNA,1,1
LWNA,2,2
Lab Zero Games,0,5
Lab Zero Games,1,34
Lab Zero Games,2,27
Labyrinthine,1,2
Labyrinthine,2,1
Lag Studios,0,5
Lag Studios,1,12
Lag Studios,2,7
"Lamina Studios,Mike Studios",2,3
Laminar Research,1,1
Laminar Research,2,2
Landfall,1,1
Landfall,2,4
Landon Podbielski,1,11
Landon Podbielski,2,6
Lapovich,0,1
Larian Studios,0,2
Larian Studios,1,9
Larian Studios,2,12
"Laser Guided Games, LLC",1,1
Last Day of Work,2,1
Last Dimension,2,1
Last Limb LLC,2,1
Lavaboots Studios,2,2
Lazy 8 Studios,1,1
Lazy 8 Studios,2,1
Lazy Bear Games,2,3
Lazy Bum Games,2,1
Lazy Monday Games,2,3
League of Geeks,1,1
League of Geeks,2,6
Legend Studio,1,1
Lemondo Entertainment,1,1
Lemonsucker Games,2,1
Lesley Dodd,1,1
Lesley Dodd,2,1
Lesta Studio,0,2
"Level Up Labs, LLC",2,3
Liar-soft,2,1
Lightbulb Crew,1,2
Lighthouse Games Studio,2,2
Lightmare Studio,1,1
Lightmare Studios,1,1
Lightmare Studios,2,5
Limasse Five,2,1
Limbic Entertainment,0,2
Limbic Entertainment,1,1
Limbic Entertainment,2,1
Lino Slahuschek,1,5
Lino Slahuschek,2,11
"Lion Game Lion,OVERKILL - a Starbreeze Studio.",1,4
"Lion Game Lion,OVERKILL - a Starbreeze Studio.",2,7
Lion's Shade,2,3
Lionhead Studios,0,2
Lionhead Studios,1,8
Lionhead Studios,2,16
Lionheart Creations,2,1
Little Big Lee,2,1
Little Freedom Factory,1,1
Little Green Men Games,1,3
Little Green Men Games,2,3
Locomotivah,1,2
Logic Artists,2,1
Lonely Troops,2,3
Looking Glass Studios,1,4
Looking Glass Studios,2,3
Lord Kres,0,1
Lord Kres,1,4
Lord Kres,2,3
Loren Lemcke,2,1
Lost Decade Games,2,1
Love Conquers All Games,1,1
Love Conquers All Games,2,5
LuGus Studios,2,4
"Luc Bernard,SilverSphereStudios",1,1
LucasArts,0,2
LucasArts,1,11
LucasArts,2,16
"LucasArts,Aspyr Studios",0,4
"LucasArts,Aspyr Studios",1,3
"LucasArts,Aspyr Studios",2,2
Lucasfim,1,1
"Lucid Games,Aspyr (Mac &amp; Linux)",0,1
"Lucid Games,Aspyr (Mac &amp; Linux)",2,2
Lucky Frame,1,1
Ludeon Studios,0,1
Ludeon Studios,1,2
Ludeon Studios,2,9
Ludosity,0,1
Ludosity,1,2
Ludosity,2,1
"Ludosity,Remar Games",0,1
"Ludosity,Remar Games",1,1
"Ludosity,Remar Games",2,1
Luke Cripps,2,2
Lukewarm Media,0,3
Lukewarm Media,1,5
Lukewarm Media,2,15
Lunar Giant,1,1
"M2 Co.,LTD",0,1
"M2 Co.,LTD",1,1
"M2 Co.,LTD",2,1
"M2H,Blackmill Games",0,14
"M2H,Blackmill Games",1,34
"M2H,Blackmill Games",2,49
MAGES. Inc.,0,1
MAGES. Inc.,1,2
MAGES. Inc.,2,1
MAGIX Software GmbH,2,1
MEGAFUZZ,1,2
MEGAFUZZ,2,1
MOONSTONE,2,1
MR-Software GbR,1,4
MR-Software GbR,2,4
MURA Interactive,1,1
MURA Interactive,2,2
Machine 22,2,1
Machine Games,0,4
Machine Games,1,13
Machine Games,2,31
MachineGames,2,8
MachineSpirit,2,1
"Maciej Targoni,Wojciech Wasiak",0,1
"Maciej Targoni,Wojciech Wasiak",1,4
"Maciej Targoni,Wojciech Wasiak",2,10
Mad Otter Games,0,1
Mad Otter Games,1,3
Mad Otter Games,2,5
Madruga Works,1,2
Madruga Works,2,4
Magic Notion,2,1
MagicalTimeBean,2,1
Malfador Machinations,1,1
Malfador Machinations,2,1
Mana Games,2,1
Manic Game Studios,0,1
Manic Game Studios,2,1
"Manuel Pazos,Daniel Celemín",1,1
Marie Ronnaux Games,0,1
"Mario von Rickenbach,Michael Frei",1,9
"Mario von Rickenbach,Michael Frei",2,5
Martin Ivanov,1,2
Martin Ivanov,2,1
"Marvelous, Inc.",1,1
Marxnet,1,2
"Masangsoft, Inc.",0,3
"Masangsoft, Inc.",1,33
"Masangsoft, Inc.",2,16
Maschinen-Mensch,1,1
"Massive Damage, Inc.",2,1
Massive Entertainment,0,7
Massive Entertainment,1,21
Massive Entertainment,2,13
Masthead Studios Ltd,0,3
Masthead Studios Ltd,1,2
Masthead Studios Ltd,2,1
"Matt Kap,Nicalis, Inc.",1,1
Matt Roszak,0,1
Matt Roszak,1,2
Matt Roszak,2,6
Matt Thorson,1,2
Matt Thorson,2,2
Matthew Brown,1,4
Matthew Brown,2,8
Matthew C Cohen,2,1
Maxime Vézina,1,1
Maxime Vézina,2,2
Maxis™,1,15
Maxis™,2,23
Mechanist Games,0,2
Mechanist Games,1,2
Mechanist Games,2,2
"Mediatonic,Hato Moa,The Irregular Corporation",1,5
"Mediatonic,Hato Moa,The Irregular Corporation",2,6
"Mediatonic,The Irregular Corporation",1,1
Megadev,0,2
Megadev,1,1
Megadev,2,5
Memetic Games,1,1
Memetic Games,2,1
MercurySteam,1,2
MercurySteam,2,1
MercurySteam - Climax Studios,2,1
Meridian4,0,3
Meridian4,1,2
Meridian4,2,3
Messhof,0,4
Messhof,1,8
Messhof,2,14
Metanet Software Inc.,1,1
Meteoric Games,1,1
Michael Flynn,1,1
Michael Todd Games,0,2
Michael Todd Games,1,4
Michael Todd Games,2,9
"Michael Todd Games,Yazar Media Group LLC",2,1
Michael Zahniser,0,1
Michael Zahniser,1,1
Michael Zahniser,2,4
Michaela Laws,1,3
Michaela Laws,2,3
"MicroProse Software, Inc",0,3
"MicroProse Software, Inc",1,1
"MicroProse Software, Inc",2,4
Microblast Games,0,5
Microblast Games,1,13
Microblast Games,2,9
Microsoft Game Studios,0,1
Microsoft Game Studios,1,3
Microsoft Game Studios,2,10
"MidBoss, LLC.",1,1
"Midgar Studio,Fusty Game",2,3
Might and Delight,0,2
Might and Delight,1,8
Might and Delight,2,6
Mighty Rabbit Studios,2,3
"Mighty Rabbit Studios,Gun Media",2,1
"Mighty Rabbit Studios,Gun.",1,1
"Mighty Rabbit Studios,Gun.",2,3
Mighty Rocket Studio,2,1
Mihai Morosanu,1,1
"Milan Kazarka,Jeroen van Oosten",1,1
"Milan Kazarka,Jeroen van Oosten",2,2
Milestone S.r.l.,0,1
Milestone S.r.l.,1,2
Milestone S.r.l.,2,5
Milkstone Studios,0,1
Milkstone Studios,1,3
Milkstone Studios,2,7
Mimimi Productions,2,2
MinMax Games Ltd.,1,2
MinMax Games Ltd.,2,4
Mindstorm Studios,2,1
"Mine Loader Software Co., Ltd.",1,6
"Mine Loader Software Co., Ltd.",2,14
MiniBoss,0,1
MiniBoss,1,2
MiniBoss,2,5
Minor Key Games,0,2
Minor Key Games,1,6
Minor Key Games,2,16
Minority Media Inc.,1,1
Minority Media Inc.,2,2
Minskworks,1,1
Minskworks,2,1
Mint Age Studios,1,4
Mint Age Studios,2,3
Mirillis,1,1
Mirillis,2,2
Mirko Seithe,2,1
Misfits Attic,1,1
Misfits Attic,2,2
"Mithis Games,THQ Nordic",2,1
Mixamo,2,3
MoaCube,0,1
MobileBits,2,1
Mode 7,1,4
Mode 7,2,5
Modern Dream,1,2
Modern Dream,2,5
MoeNovel,1,2
MoeNovel,2,3
Mohawk Games,1,3
Mohawk Games,2,2
Mojang,1,1
Mokus,2,1
Moment Studio,0,1
Mommy's Best Games,1,1
Mommy's Best Games,2,1
Monkeys Tales Studio,2,1
"Monochrome, Inc",0,5
"Monochrome, Inc",1,18
"Monochrome, Inc",2,27
Monolith,1,3
Monolith Productions,1,1
Monolith Productions,2,1
"Monolith Productions, Inc.",0,2
"Monolith Productions, Inc.",1,51
"Monolith Productions, Inc.",2,40
"Monolith Productions, Inc.,Feral Interactive (Mac),Feral Interactive (Linux)",1,3
"Monolith Productions, Inc.,Feral Interactive (Mac),Feral Interactive (Linux)",2,3
"Monolith Productions, Inc.,Timegate",0,1
"Monolith Productions, Inc.,Timegate",1,3
"Monolith Productions, Inc.,Timegate",2,3
"Monolith Productions,Feral Interactive (Mac),Feral Interactive (Linux)",0,11
"Monolith Productions,Feral Interactive (Mac),Feral Interactive (Linux)",1,35
"Monolith Productions,Feral Interactive (Mac),Feral Interactive (Linux)",2,57
Monomi Park,1,5
Monomi Park,2,15
Moon Studios GmbH,1,9
Moon Studios GmbH,2,26
Moonlite Software,2,1
Moppin,1,1
Moppin,2,4
Mossmouth,0,4
Mossmouth,1,9
Mossmouth,2,13
Most Wanted Entertainment,1,1
Mouldy Toof Studios,0,3
Mouldy Toof Studios,1,18
Mouldy Toof Studios,2,24
Mountain Sheep,2,1
MovingBlocks,0,2
Mr. Blue,1,1
Mr. Blue,2,4
MuHa Games,1,1
Murudai,2,6
Muse Games,0,8
Muse Games,1,16
Muse Games,2,55
Muzzy Lane Software,2,2
Myrtilus Entertainment,2,1
Mystic Games,0,1
N3V Games,1,1
N3V Games,2,3
NAMCO,1,2
NAMCO,2,2
NAMCO BANDAI Games,1,2
NEXON Korea Corp.,0,3
NEXON Korea Corp.,1,2
NEXON Korea Corp.,2,4
NGD Studios,1,6
NGD Studios,2,5
NIGORO,1,1
NIGORO,2,1
NIKITA ONLINE,2,2
Nabi Studios,0,9
Nabi Studios,1,39
Nabi Studios,2,38
Nacho Games,0,1
Nacho Games,1,1
Nadeo,0,3
Nadeo,1,9
Nadeo,2,22
Naiad Entertainment LLC,1,1
Nate Schmold,1,1
Nate Schmold,2,1
Nauris Amatnieks,2,1
Ndemic Creations,0,7
Ndemic Creations,1,20
Ndemic Creations,2,21
Necrophone Games,0,1
Necrophone Games,1,5
Necrophone Games,2,15
Nekki GmbH,1,1
Nekki GmbH,2,1
Neko Entertainment,2,1
Nemesys Games,1,1
Nemesys Games,2,1
NeoCoreGames,0,1
NeoCoreGames,2,1
Neoclassic Games,2,1
NeocoreGames,1,6
NeocoreGames,2,1
Neople,2,1
Nerd Kingdom Inc.,1,1
Nerd Kingdom Inc.,2,1
Nerdook Productions,1,1
Nerial,2,2
Net Games Laboratory,0,1
Net Games Laboratory,1,3
Net Games Laboratory,2,1
Netcore Games,0,1
Netcore Games,1,1
Netcore Games,2,3
NetherRealm Studios,0,1
NetherRealm Studios,1,1
"NetherRealm Studios,High Voltage Software",0,14
"NetherRealm Studios,High Voltage Software",1,44
"NetherRealm Studios,High Voltage Software",2,26
Netmarble Games,1,1
Never Don't Play,2,1
Neversoft,2,1
New World Interactive,0,20
New World Interactive,1,88
New World Interactive,2,111
Nexon,0,15
Nexon,1,58
Nexon,2,46
"Nicalis, Inc.",0,20
"Nicalis, Inc.",1,62
"Nicalis, Inc.",2,68
"Nicalis, Inc.,Edmund McMillen",0,1
"Nicalis, Inc.,Edmund McMillen",1,15
"Nicalis, Inc.,Edmund McMillen",2,6
Nickervision Studios,1,1
Nickervision Studios,2,5
Nicolas Bernard,2,2
Niffler Ltd.,0,1
Night Node,1,2
Night Node,2,4
Night School Studio,2,2
Nihon Falcom,1,2
Nihon Falcom,2,5
Nikita,2,1
Nimbly Games,1,3
Nimbly Games,2,4
"Nina Freeman,Emmett Butler,Decky Coss,Joni Kittaka",0,1
"Nina Freeman,Emmett Butler,Decky Coss,Joni Kittaka",1,7
"Nina Freeman,Emmett Butler,Decky Coss,Joni Kittaka",2,3
"Nina Freeman,Laura Knetzger,Stephen Lawrence Clark",0,1
"Nina Freeman,Laura Knetzger,Stephen Lawrence Clark",2,1
Nine Dots Studio,2,1
Ninja Kiwi,1,7
Ninja Kiwi,2,7
Ninja Robot Dinosaur,2,1
Ninja Theory,0,3
Ninja Theory,1,10
Ninja Theory,2,10
Nival,0,2
Nival,1,5
Nival,2,2
No Brakes Games,1,1
No Brakes Games,2,1
No More Room in Hell Team,0,26
No More Room in Hell Team,1,146
No More Room in Hell Team,2,117
"Noah System,Mgame",0,1
"Noah System,Mgame",1,4
Noble Empire Corp.,0,1
Noble Empire Corp.,1,13
Noble Empire Corp.,2,20
Noble Master LLC,2,1
Nocturnal works,1,1
Noio,2,3
"Noio,Licorice",0,1
"Noio,Licorice",1,2
"Noio,Licorice",2,9
Nom Nom Games,1,2
Nom Nom Games,2,3
Nomad Games,1,5
Nomad Games,2,10
North of Earth,1,1
North of Earth,2,3
"Northway Games,Sarah Northway",1,1
"Northway Games,Sarah Northway",2,1
NotGames,1,9
NotGames,2,7
Noumena Studios,2,1
"Nova Dimension,Naga Entertainment",0,1
"Nova Dimension,Naga Entertainment",1,1
"Nova Dimension,Naga Entertainment",2,1
NovaLogic,1,1
NovaLogic,2,1
Novel Tea Games,2,1
"Noviy Disk,Lesta Studios Inc",1,1
Numantian Games,2,1
Number None,0,1
Number None,1,1
Number None,2,5
Numinous Games,2,2
Nvizzio Creations,1,1
Nvizzio Creations,2,4
Nyamyam,2,1
OCCA Studios,2,1
"OCR Dev Team,Onur Uça",1,1
"OCR Dev Team,Onur Uça",2,1
OVERDRIVE,0,1
OVERDRIVE,1,4
OVERDRIVE,2,10
OVERKILL - a Starbreeze Studio.,0,8
OVERKILL - a Starbreeze Studio.,1,46
OVERKILL - a Starbreeze Studio.,2,30
OVERKILL Software,0,9
OVERKILL Software,1,72
OVERKILL Software,2,68
Obsidian Entertainment,0,14
Obsidian Entertainment,1,119
Obsidian Entertainment,2,153
"Obsidian Entertainment,Aspyr (Mac, Linux, &amp; Windows Update)",1,3
"Obsidian Entertainment,Aspyr (Mac, Linux, &amp; Windows Update)",2,9
Octoshark Studios,0,2
Octoshark Studios,1,5
Octoshark Studios,2,5
Oddworld Inhabitants,0,1
Oddworld Inhabitants,1,5
Oddworld Inhabitants,2,22
Odin Game Studio,1,3
Odin Game Studio,2,8
Offworld Industries,0,6
Offworld Industries,1,6
Offworld Industries,2,15
OhNoo Studio,1,1
Old B1ood,1,1
Old B1ood,2,1
Old School Games,1,4
Old School Games,2,5
"Olde Sküül,Sculptured Software",2,1
"Oleg Sergeev,Andrey Rumak,Do My Best",2,1
"Olli Harjola, Otto Hantula, Tom Jubert, Carlo Castellano",1,2
"Olli Harjola, Otto Hantula, Tom Jubert, Carlo Castellano",2,6
Omniconnection,1,2
Omniconnection,2,1
On The Level Game Studios,2,1
Onson Soft,1,1
Onson Soft,2,1
Oovee® Game Studios,0,4
Oovee® Game Studios,1,14
Oovee® Game Studios,2,22
Opus,1,5
Opus,2,4
"OrangeGames,YoudaGames",1,1
"OrangeGames,YoudaGames",2,2
Orange_Juice,0,2
Orange_Juice,1,10
Orange_Juice,2,5
Orbital Knight,1,1
Oreol,0,1
Oreol,2,1
Organic Humans,1,2
Orion Games,0,1
Orlyapps,1,2
Orlyapps,2,3
Orthogonal Games,1,1
Oryx Design Lab,1,1
Oscar Brittain,1,1
Oscar Brittain,2,1
Ostrich Banditos,0,1
Ostrich Banditos,1,1
Ostrich Banditos,2,3
Osumia Games,0,3
Osumia Games,1,6
Osumia Games,2,2
Other Ocean Interactive,1,1
Outerlight Ltd.,0,8
Outerlight Ltd.,1,7
Outerlight Ltd.,2,15
Outerminds Inc.,2,2
Over The Moon,0,2
Over The Moon,1,2
Over The Moon,2,4
Over the Top Games,2,3
Overhype Studios,2,1
Owl Cave,1,1
Owlbear,2,1
Owlchemy Labs,1,2
Owlchemy Labs,2,3
Oxeye Game Studio,1,2
Oxeye Game Studio,2,1
Oxide Games,1,1
Oxide Games,2,1
PERFECT PARALLEL,1,1
PIXOWL INC.,1,3
PIXYUL,2,1
Pandemic Studios,0,9
Pandemic Studios,1,41
Pandemic Studios,2,48
Panzer Gaming Studios,1,1
Paradox Development Studio,0,21
Paradox Development Studio,1,70
Paradox Development Studio,2,88
Parallaxian Pty Ltd,1,2
Passtech Games,2,1
Pathea Games,1,2
Pathea Games,2,7
Paul Bird,2,1
Paul Fisch,0,1
Paul Fisch,1,7
Paul Fisch,2,6
Payload Studios,0,1
Payload Studios,1,5
Payload Studios,2,6
Peach Pie Productions,2,1
Peacock Dreams Games,2,1
Pencil Test Studios,1,1
PestoForce,1,1
PestoForce,2,1
Peter Brinson and Kurosh ValaNejad,2,1
Peter Moorhead,2,1
Petit Depotto,2,1
Petroglyph,1,3
Petroglyph,2,6
Phenomenon Games,1,2
Phigames,2,2
Phoenix Game Studio,1,1
Phoenix Online Studios,2,1
Phoenix Studio,1,1
Phosphor Games Studio,0,6
Phosphor Games Studio,1,41
Phosphor Games Studio,2,30
Photon Arena,2,1
Phr00t's Software,1,4
Phr00t's Software,2,3
PiGravity,0,3
PiGravity,1,1
PiGravity,2,1
Pieces Interactive,0,3
Pieces Interactive,1,4
Pieces Interactive,2,2
"Pilgrim Adventures,GrabTheGames Studios",2,1
PillowPigGames,1,1
"Pinokl Games,Kverta",1,1
"Pinokl Games,Kverta",2,4
Pinterac,1,1
Pinterac,2,2
Pipeworks Studio,2,1
Piranha Bytes,0,1
Piranha Bytes,1,2
Piranha Bytes,2,3
Piranha Games Inc.,1,4
Piranha Games Inc.,2,2
"Pirozhok Studio,Vitaliy Ruzankin",2,1
Pivotal Games,2,1
Pixbits,1,1
Pixbits,2,1
"Pixel Dash Studios, EQgames",0,1
"Pixel Dash Studios, EQgames",1,3
"Pixel Dash Studios, EQgames",2,6
Pixel Federation,2,1
Pixel Ferrets,1,1
Pixel Ferrets,2,3
PixelFade Inc,1,2
PixelTail Games,1,2
PixelTail Games,2,6
Pixeljam,0,1
Pixeljam,1,2
Pixeljam,2,1
PlatinumGames,0,4
PlatinumGames,1,12
PlatinumGames,2,15
PlayFlock,1,2
PlayWay S.A.,1,1
Playata GmbH,1,1
Playbrains,1,2
Playdead,0,1
Playdead,1,21
Playdead,2,11
Playsaurus,0,8
Playsaurus,1,58
Playsaurus,2,31
PlazSoft,2,1
Pocketwatch Games,0,2
Pocketwatch Games,1,15
Pocketwatch Games,2,27
Point Five Projects,1,1
Polar Motion,2,1
"PolarityFlow,Adrian Zingg",2,1
PolyKid,2,1
PolyPusher Studios,1,1
Polytron Corporation,0,1
Polytron Corporation,1,8
Polytron Corporation,2,23
"PopCap Games, Inc.",0,2
"PopCap Games, Inc.",1,16
"PopCap Games, Inc.",2,15
"PopTop Software,BreakAway Games,Frog City Software",0,1
Poppermost Productions,0,1
Poppermost Productions,1,7
Poppermost Productions,2,18
Portalarium,1,1
Portalarium,2,1
Positech Games,1,14
Positech Games,2,11
PostMod Softworks,2,2
Power of 2,0,2
Power of 2,1,13
Power of 2,2,9
Powerhoof,2,4
Praxia Entertainment Inc,2,1
Press Play,1,1
Pribuni,1,1
Primal,2,1
Priority Interrupt,1,2
Priority Interrupt,2,4
Prism Game Studios Ltd.,0,3
Prism Game Studios Ltd.,1,7
Prism Game Studios Ltd.,2,17
ProjectorGames,0,3
ProjectorGames,1,3
ProjectorGames,2,3
Prospect Games,1,1
Proton Studio Inc,1,4
Proton Studio Inc,2,11
Proxy Studios,1,1
Psychic Software,1,3
Psychic Software,2,1
"Psyonix, Inc.",0,12
"Psyonix, Inc.",1,128
"Psyonix, Inc.",2,135
Puny Human,1,10
Puny Human,2,7
Puppygames,1,1
Puppygames,2,7
Pwnee Studios,2,1
Pyro Studios,0,2
Pyro Studios,1,3
Pyro Studios,2,2
Q-Games Ltd.,1,1
QCF Design,1,2
QCF Design,2,1
QUICKTEQUILA,0,1
QUICKTEQUILA,1,4
QUICKTEQUILA,2,2
"QUICKTEQUILA,Calum Bowen",2,1
Qooc Software,1,3
Qooc Software,2,1
Quantic Dream,1,1
Quantized Bit,2,1
Quantumfrog,1,1
Question,2,2
Quickfire Games,2,2
Qwiboo Ltd,2,1
REMIMORY,1,2
REMIMORY,2,1
REX,2,1
Racing Bros,1,2
Racing Bros,2,4
"Radial Games Corp,Dejobaan Games, LLC",1,1
"Radial Games Corp,Dejobaan Games, LLC",2,4
"Radial Games Corp,Loren Bednar,Dr. Kimberly Voll,Lindsay Jorgensen",1,2
"Radial Games Corp,Loren Bednar,Dr. Kimberly Voll,Lindsay Jorgensen",2,3
Radiant Entertainment,1,2
Radiant Entertainment,2,7
Radical Entertainment,0,3
Radical Entertainment,1,4
Radical Entertainment,2,8
Radical Fish Games,2,5
RageSquid,1,1
Ragequit Corporation,0,2
Ragequit Corporation,1,10
Ragequit Corporation,2,5
Ragiva Games e.K.,2,1
Rail Slave Games,0,2
Rail Slave Games,1,10
Rail Slave Games,2,2
Rain Games,0,1
Rainbow Games,2,1
"Rainbow Studios,THQ Nordic",1,2
"Rainbow Studios,THQ Nordic",2,1
Rake in Grass,1,2
Rake in Grass,2,2
Raptor Claw Games,1,1
Raptor Claw Games,2,1
Ratloop Asia,0,2
Ratloop Asia,1,1
Ratloop Asia,2,1
"Raven Software,Aspyr (Mac)",0,4
"Raven Software,Aspyr (Mac)",1,6
"Raven Software,Aspyr (Mac)",2,7
Raven Travel Studios,2,1
Raylight Games,0,1
Razorworks,1,1
Razorworks,2,3
Razvan,1,1
Re-Logic,0,42
Re-Logic,1,277
Re-Logic,2,399
Reactor Zero,1,1
Reakktor Studios,0,2
Reakktor Studios,1,2
Reakktor Studios,2,2
Real Dynamics,1,1
Reality Pump,0,1
Reality Pump,1,1
Reality Pump,2,3
Reality Pump Studios,0,1
Reality Pump Studios,1,5
Reality Pump Studios,2,3
Realmforge Studios,1,2
Realmforge Studios,2,2
Rebellion,0,9
Rebellion,1,71
Rebellion,2,81
Recoil Games,1,1
Recoil Games,2,4
Red Abyss Software,2,1
Red Barrels,0,18
Red Barrels,1,41
Red Barrels,2,28
Red Duck Inc.,0,2
Red Duck Inc.,1,6
Red Duck Inc.,2,2
Red Dwarf Games,1,2
Red Dwarf Games,2,4
Red Hook Studios,0,14
Red Hook Studios,1,13
Red Hook Studios,2,10
Red Nettle Studio,2,1
Red Storm Entertainment,1,1
Red Storm Entertainment,2,1
"Red Storm Entertainment,Ubisoft Montreal",2,1
Red Team Games,2,3
Red Thread Games,1,1
Red Thread Games,2,3
"RedLynx, in collaboration with  Ubisoft Shanghai, Ubisoft Kiev",1,1
"RedLynx, in collaboration with  Ubisoft Shanghai, Ubisoft Kiev",2,3
Redlynx,2,1
"Redlynx Ltd,Ubisoft  Shanghaï",0,2
"Redlynx Ltd,Ubisoft  Shanghaï",1,4
"Redlynx Ltd,Ubisoft  Shanghaï",2,5
Redshift,2,1
Redwood Games,2,1
Reentry Games,1,1
Reflect Studios,0,1
Reflect Studios,1,3
Reflect Studios,2,1
Reflextions,2,1
Reiza Studios,1,4
Reiza Studios,2,3
Relic,0,2
Relic,1,4
Relic,2,7
Relic Entertainment,0,2
Relic Entertainment,1,24
Relic Entertainment,2,33
"Relic Entertainment,Europe at War Development Team",1,1
"Relic Entertainment,Feral Interactive (Mac),Feral Interactive (Linux)",0,4
"Relic Entertainment,Feral Interactive (Mac),Feral Interactive (Linux)",1,36
"Relic Entertainment,Feral Interactive (Mac),Feral Interactive (Linux)",2,48
"Relic Entertainment,Feral Interactive (Mac/Linux)",0,3
"Relic Entertainment,Feral Interactive (Mac/Linux)",1,13
"Relic Entertainment,Feral Interactive (Mac/Linux)",2,11
"Relic Entertainment,THQ Nordic",2,1
Reloaded Productions,0,15
Reloaded Productions,1,82
Reloaded Productions,2,65
Remedy Entertainment,0,5
Remedy Entertainment,1,14
Remedy Entertainment,2,18
Renegade Kid,2,1
Reperio Studios,0,1
Reperio Studios,1,2
Reperio Studios,2,1
Replay Studios,1,2
Replay Studios,2,1
Reto-Moto,0,33
Reto-Moto,1,91
Reto-Moto,2,106
Retro Army Limited,2,1
Retro Yeti Games,0,1
Retro Yeti Games,1,2
Retro Yeti Games,2,3
Retroism,1,1
Retronic Games,0,1
Reverie World Studios,1,3
Reverie World Studios,2,6
Revolution Software Ltd,2,3
Rhaon Entertainment,1,2
Richard Seabrook,1,1
Rising Star Games,0,1
Rising Star Games,1,1
Rising Sun Interactive,2,1
Rival Games Ltd,2,1
Rob Howland,2,4
RobTop Games,0,4
RobTop Games,1,35
RobTop Games,2,39
Robot Entertainment,0,3
Robot Entertainment,1,25
Robot Entertainment,2,33
Robot Gentleman,1,2
Robot Gentleman,2,2
Robotronic Games,1,4
Robotronic Games,2,4
Rocket Bear Games,1,2
Rocket Bear Games,2,3
"Rocketeer Games Studio, LLC",0,3
"Rocketeer Games Studio, LLC",1,8
"Rocketeer Games Studio, LLC",2,11
Rockstar Games,1,34
Rockstar Games,2,27
Rockstar New England,0,3
Rockstar New England,1,12
Rockstar New England,2,12
Rockstar North,0,20
Rockstar North,1,185
Rockstar North,2,116
Rockstar North / Toronto,0,1
Rockstar North / Toronto,1,2
Rockstar North / Toronto,2,7
Rockstar San Diego,2,1
Rockstar Studios,0,2
Rockstar Studios,1,18
Rockstar Studios,2,26
Rocksteady,1,1
Rocksteady Studios,0,8
Rocksteady Studios,1,25
Rocksteady Studios,2,33
"Rocksteady Studios,Feral Interactive (Mac)",0,5
"Rocksteady Studios,Feral Interactive (Mac)",1,42
"Rocksteady Studios,Feral Interactive (Mac)",2,66
Rocktastic Games,2,1
"Rodeo Games,Twistplay",1,1
"Rodeo Games,Twistplay",2,1
Rogue Entertainment,1,1
Rogue Factor,2,3
Rogue Snail,1,4
Rogue Snail,2,4
"Rogue Star,Boreal Sun,Spider,Deadman",1,1
Roll7,0,1
Roll7,1,2
Roll7,2,2
"Roll7,General Arcade",1,2
"Roll7,General Arcade",2,2
"Roman Anatolevich,Denis Ovsyannikov",1,1
Ronimo Games,0,7
Ronimo Games,1,55
Ronimo Games,2,89
Room710Games,1,2
Room710Games,2,1
Rooster Teeth Games,0,3
Rooster Teeth Games,1,5
Rooster Teeth Games,2,18
Rootify,2,1
Rovio Entertainment Ltd,0,1
Rovio Entertainment Ltd,1,1
Rsupport Inc.,1,1
Rsupport Inc.,2,2
Rubycone,0,1
Rubycone,1,1
Rubycone,2,1
"Rudolf Kremers &amp; Alex May,Tuna",2,1
RunServer,0,1
Rune Forge,0,1
Rune Forge,1,1
Runic Games,0,2
Runic Games,1,33
Runic Games,2,53
Running With Scissors,0,17
Running With Scissors,1,47
Running With Scissors,2,31
Russpuppy,1,1
Rusty Lake,0,1
"S Houben,N Tailor,A Barnett",1,1
"S Houben,N Tailor,A Barnett",2,1
S.C. 16 BIT NIGHTS S.R.L.,2,4
S2 Games,1,3
S2 Games,2,5
"S2 Games, LLC",2,2
SANDLOT,2,4
SCS Software,0,3
SCS Software,1,51
SCS Software,2,82
SDEnterNet,1,1
SDEnterNet,2,1
SEGA,0,4
SEGA,1,13
SEGA,2,24
"SEGA Studios Australia,Feral Interactive (Mac)",2,1
SFB Games,1,1
SFB Games,2,4
SMG Studio,1,2
SMG Studio,2,1
SNK CORPORATION,0,1
SNK CORPORATION,1,4
SNK CORPORATION,2,3
"SNK CORPORATION,Code Mystics",1,2
"SNK CORPORATION,DotEmu",0,2
"SNK CORPORATION,DotEmu",1,11
"SNK CORPORATION,DotEmu",2,4
STRIKEWORKS,1,1
STRIKEWORKS,2,2
STUDIO RADI-8,1,4
STUDIO RADI-8,2,2
SUPERHOT Team,0,2
SUPERHOT Team,1,4
SUPERHOT Team,2,22
Saber Interactive,2,3
"Sachonski,Renamilanesi,Sith",0,1
"Sachonski,Renamilanesi,Sith",2,1
Sad Panda Studios,1,2
Sad Panda Studios,2,3
Sakari Indie,2,1
Sakari Indie &amp; GriN,2,1
Sakura River Interactive,1,2
Sakura River Interactive,2,1
Sam Atlas,2,1
Sam Barlow,2,1
"Sami Maaranen (creator),Erkka Lehmus (co-designer)",1,1
Samurai Punk,0,1
Samurai Punk,1,1
Samurai Punk,2,5
Sandlot Games,2,1
Sandswept Studios,0,1
Sandswept Studios,1,1
Sandswept Studios,2,2
Santa Ragione,1,2
Sapphire Dragon Productions,1,2
Sapphire Dragon Productions,2,1
Satsu,2,1
Sauropod Studio,0,1
Sauropod Studio,1,4
Sauropod Studio,2,5
Scarlet String Studios,1,1
Scarlet String Studios,2,1
Scary Bee LLC,1,1
"Schine, GmbH",0,1
"Schine, GmbH",1,1
"Schine, GmbH",2,2
Scirra,1,1
Scott Cawthon,0,33
Scott Cawthon,1,119
Scott Cawthon,2,69
Screwfly Studios,1,1
Sean Davy,1,1
Sebastian Nigro,2,1
Secret Base,1,1
Secret Exit Ltd.,0,2
Secret Exit Ltd.,1,8
Secret Exit Ltd.,2,16
Section Studios,0,1
Section Studios,1,8
Section Studios,2,12
Sector3 Studios,0,4
Sector3 Studios,1,9
Sector3 Studios,2,8
SecureMix LLC,2,1
SeeThrough Studios,2,1
Semaphore,0,1
Semaphore,1,2
Semaphore,2,2
Senscape,1,2
Senscape,2,5
"Separate Game Development,Dagestan Technology",0,1
Serellan LLC,2,1
Serenity Forge,2,1
Serious Brew,2,1
Shadow Planet Productions,0,1
Shark Punch,0,1
Shark Punch,1,2
ShaunJS,0,1
Shawn Beck,0,1
Shawn Beck,1,1
Sherman3D,0,1
Shield Break Studios,1,3
Shield Break Studios,2,1
Shifty Chair Games,2,1
Shining Gate Software,2,1
Shining Rock Software LLC,0,11
Shining Rock Software LLC,1,17
Shining Rock Software LLC,2,33
Shiny Entertainment,2,1
Shiro Games,0,3
Shiro Games,1,3
Shiro Games,2,8
Shiver Games,0,1
Shiver Games,1,4
Shiver Games,2,3
"Shokunin,Thomas M. Visser,Vincent Thiele",1,2
"Shokunin,Thomas M. Visser,Vincent Thiele",2,7
Shorebound Studios,1,1
Shortbreak Studios s.c.,1,4
Shortbreak Studios s.c.,2,3
Shumkov Dmitriy,0,6
Shumkov Dmitriy,1,20
Shumkov Dmitriy,2,25
Siege Games,2,1
Sigma Team Inc.,0,1
Sigma Team Inc.,2,1
Signal Studios,2,1
"Signal Studios,Krome Studios",1,1
"Signal Studios,Krome Studios",2,2
"Signal Studios,Smart Ghost",0,2
"Signal Studios,Smart Ghost",1,3
"Signal Studios,Smart Ghost",2,6
Silesia Games Sp. z o.o.,0,1
Silk Games,1,1
Silver Dollar Games,1,21
Silver Dollar Games,2,24
Silver Wish Games,0,1
"Silverlode Interactive,Wasatch Games",0,1
SimBin,1,3
SimBin,2,2
Simogo,0,1
Simogo,1,3
Simogo,2,3
Simon Roth,1,2
SionoiS,0,1
Sixense,1,2
Sixense,2,1
Sixteen Tons Entertainment,1,1
Sixteen Tons Entertainment,2,4
Size Five Games,1,1
Ska Studios,0,1
Ska Studios,1,2
Ska Studios,2,1
Skatanic Studios,2,1
Sketchy Logic,2,1
Skinny Jean Death Studios,1,1
Skobbejak Games,0,1
Skobbejak Games,2,1
Sky Drake Studios,1,1
Sky Drake Studios,2,1
Sky Fallen,1,1
"SkyBox Labs,Big Huge Games",0,1
"SkyBox Labs,Big Huge Games",1,7
"SkyBox Labs,Big Huge Games",2,9
"SkyBox Labs,Forgotten Empires",0,1
"SkyBox Labs,Forgotten Empires",1,1
"SkyBox Labs,Forgotten Empires",2,1
SkyGoblin,1,2
"Skybox Labs,Hidden Path Entertainment,Ensemble Studios",0,6
"Skybox Labs,Hidden Path Entertainment,Ensemble Studios",1,43
"Skybox Labs,Hidden Path Entertainment,Ensemble Studios",2,46
Skyjaz Games,1,1
Slant Six Games,0,1
Slant Six Games,2,1
"Sledgehammer Games,Raven Software",0,12
"Sledgehammer Games,Raven Software",1,32
"Sledgehammer Games,Raven Software",2,31
SleepNinja Games,1,1
Sleepy Duck,2,1
Slightly Mad Studios,0,1
Slightly Mad Studios,1,3
Slightly Mad Studios,2,3
Sluggerfly,0,1
Sluggerfly,2,1
Smack Down Productions,2,1
Small Town Studios,1,1
Smartly Dressed Games,0,84
Smartly Dressed Games,1,496
Smartly Dressed Games,2,449
SmashGames,0,5
SmashGames,1,8
SmashGames,2,32
Smashball Labs LLC,0,1
Smoking WOLF,0,1
Smoking WOLF,1,2
Smoking WOLF,2,3
Smolders,1,1
Smolders,2,1
Smoodlez,2,1
Smudged Cat Games Ltd,0,1
Smudged Cat Games Ltd,1,1
Smudged Cat Games Ltd,2,1
Snails Animation,1,2
Snapshot Games Inc.,0,1
Snapshot Games Inc.,2,3
SnoutUp,0,1
SnoutUp,1,9
SnoutUp,2,10
Snowbird Games,2,2
Snowblind Studios,0,2
Snowblind Studios,1,5
Snowblind Studios,2,9
Soccer Manager Ltd,0,1
Soccer Manager Ltd,2,1
Social Loner Studios,2,1
SoftStar,2,1
Solest Games,1,1
"Soloweb Studios,Ravens Eye Studio",2,2
SomaSim,2,1
Sometimes You,0,1
Sometimes You,1,3
Somi,1,2
Somi,2,1
Sonic Team,0,1
Sonic Team,2,5
Sorath,0,3
Sorath,1,2
Sorath,2,5
Sos,1,10
Sos,2,7
Soul Forge,2,1
South East Games,0,2
South East Games,1,6
South East Games,2,10
Southend,1,1
Soviet Games,1,4
Soviet Games,2,15
Space Boat Studios,0,1
Space Boat Studios,1,3
Space Boat Studios,2,1
Space Budgie,1,3
"Space Cat Studios,SnowFlame,Back To Basics Gaming",1,7
"Space Cat Studios,SnowFlame,Back To Basics Gaming",2,6
Spaces of Play,2,1
Spark Plug Games,1,1
Spark Plug Games,2,1
Spark Unlimited,0,2
Spark Unlimited,1,1
Spark Unlimited,2,1
"Sparpweed,Codeglue",1,4
"Sparpweed,Codeglue",2,2
Spasman Games,1,8
Spasman Games,2,9
Spearhead Games,1,2
Spearhead Games,2,4
Spectral Games,1,1
Spellbound Studios,1,1
Spicy Horse,2,1
Spicy Tails,0,1
Spicy Tails,1,1
Spicy Tails,2,1
Spicyhorse Games,1,1
Spicyhorse Games,2,2
Spiderling Studios,0,10
Spiderling Studios,1,28
Spiderling Studios,2,33
Spidermonk Entertainment,1,2
Spidermonk Entertainment,2,1
Spiders,0,1
Spiders,1,1
Spiders,2,1
Spiderweb Software,1,1
Spiderweb Software,2,1
"Spike Chunsoft Co., Ltd.",0,1
"Spike Chunsoft Co., Ltd.",2,1
"Spike Chunsoft Co., Ltd.,Abstraction Games",1,3
"Spike Chunsoft Co., Ltd.,Abstraction Games",2,5
Splash Damage,0,17
Splash Damage,1,71
Splash Damage,2,84
Split Polygon,1,1
Spooky Squid Games Inc.,0,1
Spooky Squid Games Inc.,1,1
Spooky Squid Games Inc.,2,3
Sproing,2,2
Spry Fox LLC,1,1
Squad,0,10
Squad,1,46
Squad,2,78
Square Enix,0,5
Square Enix,1,28
Square Enix,2,62
Square Enix Montréal,1,1
"Square Enix,DotEmu SAS.",2,2
Stage 2 Studios,0,1
Stage 2 Studios,2,2
Stainless Games,1,8
Stainless Games,2,14
Stainless Games Ltd,1,1
Stainless Games Ltd,2,2
Stainless Games Ltd.,0,2
Stainless Games Ltd.,1,9
Stainless Games Ltd.,2,17
Stamina-Games,1,2
Stamina-Games,2,1
"Standing Stone Games, LLC",1,11
"Standing Stone Games, LLC",2,10
Star Gem Inc.,0,3
Star Gem Inc.,1,14
Star Gem Inc.,2,20
Star Maid Games,1,3
Star Vault AB,1,1
Star Vault AB,2,2
StarQuail Games,2,1
StarWraith 3D Games LLC,2,1
Starbreeze,1,5
Starbreeze,2,3
Starbreeze Studios AB,0,1
Starbreeze Studios AB,1,11
Starbreeze Studios AB,2,26
Stardock Entertainment,1,4
Stardock Entertainment,2,11
State of Play Games,2,1
Stately Snail,1,1
Stately Snail,2,1
Steel Monkeys,1,5
Steel Monkeys,2,1
Stegersaurus Software Inc.,0,1
Stegersaurus Software Inc.,1,13
Stegersaurus Software Inc.,2,9
"Stellar Jockeys,Gausswerks",2,2
StephenAllen,2,1
Still Running,0,1
Stoic,0,1
Stoic,1,1
Stoic,2,8
Stolen Couch Games,1,1
Stolen Couch Games,2,1
Stone Blade Entertainment,2,1
Storybird,1,1
Storybird,2,1
Stout Games,1,4
Stout Games,2,1
Straight Right,0,1
Straight Right,1,2
Strange Fire,0,1
Strange Fire,2,5
Strange Loop Games,1,1
Strangely Interactive Ltd,1,1
Strategy First,0,1
Strategy First,1,1
Streum On Studio,0,5
Streum On Studio,1,8
Streum On Studio,2,4
Stridemann,1,10
Stridemann,2,14
Strike Games,0,1
Strike Games,2,1
Studio Bean,0,1
Studio Bean,2,1
Studio Eres,1,1
Studio Fizbin,2,3
Studio Pixel,1,1
Studio Pixel,2,2
Studio TeamShuriken,1,1
Studio Whisky Tango Inc.,2,1
"Studio Wildcard,Instinct Games,Efecto Studios,Virtual Basement LLC",0,30
"Studio Wildcard,Instinct Games,Efecto Studios,Virtual Basement LLC",1,140
"Studio Wildcard,Instinct Games,Efecto Studios,Virtual Basement LLC",2,141
StudioGIW,2,1
Stunlock Studios,2,1
Stygian Software,0,1
Stygian Software,1,2
Stygian Software,2,1
Subatomic Studios LLC,1,1
Subatomic Studios LLC,2,1
Subset Games,0,19
Subset Games,1,40
Subset Games,2,87
Subsoap,1,3
Subsoap,2,4
Subvert Games,2,1
Sumo Digital,0,1
Sumo Digital,1,20
Sumo Digital,2,16
Sun-Studios,2,1
Sundae Month,2,1
Sunlight Games,0,1
Sunlight Games,1,1
SuperVillain Studios,0,2
SuperVillain Studios,1,5
SuperVillain Studios,2,4
Supergiant Games,0,3
Supergiant Games,1,31
Supergiant Games,2,81
Supra Games,2,1
Suspicious Developments,0,2
Suspicious Developments,1,20
Suspicious Developments,2,49
Svajūnas Žemaitis,2,1
Sven Co-op Team,0,3
Sven Co-op Team,1,15
Sven Co-op Team,2,11
Sweet Dog Studios,1,1
Sweet Dog Studios,2,1
Swing Swing Submarine,1,1
Swing Swing Submarine,2,2
Switchblade Monkeys Entertainment,1,3
Switchblade Monkeys Entertainment,2,2
Synergy Team,1,9
Synergy Team,2,19
"Syrin Studios,Small Impact Games",1,2
"Syrin Studios,Small Impact Games",2,1
T3 Entertainment,1,1
TB Games,0,2
TB Games,1,4
TB Games,2,6
TERC,1,1
TERC,2,2
TML Studios,0,1
TML Studios,2,1
TML-Studios,1,1
TML-Studios,2,2
TNT Team,1,1
"TT Fusion,Traveller's Tales,Feral Interactive (Mac)",1,2
"TT Fusion,Traveller's Tales,Feral Interactive (Mac)",2,4
TT Games,0,1
TT Games,1,2
TT Games,2,3
"TT Games Ltd,Feral Interactive (Mac)",1,4
"TT Games Ltd,Feral Interactive (Mac)",2,7
"TT Games,Traveller's Tales",1,8
"TT Games,Traveller's Tales",2,4
TURBOGUN,1,1
TURBOGUN,2,1
Talawa Games,2,1
Tale of Tales,1,2
TaleWorlds Entertainment,0,20
TaleWorlds Entertainment,1,87
TaleWorlds Entertainment,2,117
"TaleWorlds Entertainment,Flying Squirrel Entertainment",0,1
"TaleWorlds Entertainment,Flying Squirrel Entertainment",1,5
"TaleWorlds Entertainment,Flying Squirrel Entertainment",2,2
Tall Tail Studios,0,1
Tall Tail Studios,1,2
Tall Tail Studios,2,3
Tamationgames,0,1
Tamationgames,1,1
Tamsoft,1,1
Tamsoft,2,1
Tango Gameworks,0,7
Tango Gameworks,1,1
Tango Gameworks,2,1
Targem Games,1,2
Targem Games,2,1
Tasharen Entertainment Inc.,1,1
Tasharen Entertainment Inc.,2,5
Tasty Stewdios LLC,2,1
Tate Multimedia,1,2
Tate Multimedia,2,3
Team 6 Studios,0,3
Team 6 Studios,1,2
"Team Bondi,Rockstar Leeds",0,2
"Team Bondi,Rockstar Leeds",1,3
"Team Bondi,Rockstar Leeds",2,11
"Team Chaos, LLC",2,2
Team Chivalry,0,2
Team Chivalry,1,3
Team Chivalry,2,4
Team Eleven Eleven,1,3
Team Eleven Eleven,2,2
Team Fractal Alligator,1,7
Team Fractal Alligator,2,5
Team Indev,2,1
Team Jolly Roger,0,1
Team Jolly Roger,2,3
Team Meat,0,4
Team Meat,1,36
Team Meat,2,25
Team Murder,0,1
"Team NINJA,KOEI TECMO GAMES CO., LTD.",0,3
"Team NINJA,KOEI TECMO GAMES CO., LTD.",1,2
"Team NINJA,KOEI TECMO GAMES CO., LTD.",2,2
Team Psykskallar,0,21
Team Psykskallar,1,67
Team Psykskallar,2,26
Team Reptile,1,8
Team Reptile,2,13
Team17 Digital Ltd,0,1
Team17 Digital Ltd,1,23
Team17 Digital Ltd,2,15
Team17 Software Ltd.,2,1
Team6 game studios B.V.,2,1
Techland,0,13
Techland,1,48
Techland,2,72
Technetium Games,0,1
Technomancy Studios,1,1
Technomancy Studios,2,3
Teeworlds Team,2,3
Telltale Games,0,36
Telltale Games,1,196
Telltale Games,2,304
"Tendershoot,A Jolly Corpse",2,1
Tennen-sozai,2,1
Teotl Studios,0,2
"Tequila Works, S.L.",0,2
"Tequila Works, S.L.",1,6
"Tequila Works, S.L.",2,11
Terri Vellmann,1,2
Terri Vellmann,2,1
Terrible Posture Games,1,2
Terrible Posture Games,2,2
Terry Cavanagh,0,18
Terry Cavanagh,1,77
Terry Cavanagh,2,65
Tesseract Interactive,1,1
Test3 Projects,0,4
Test3 Projects,1,2
Test3 Projects,2,2
Teyon,0,1
The Astronauts,2,6
The Behemoth,0,17
The Behemoth,1,141
The Behemoth,2,167
The Binary Mill,2,1
The Chinese Room,0,4
The Chinese Room,1,3
The Chinese Room,2,4
The Creative Assembly,0,1
The Creative Assembly,1,7
The Creative Assembly,2,10
"The Creative Assembly,Feral Interactive (Mac)",0,1
"The Creative Assembly,Feral Interactive (Mac)",1,9
"The Creative Assembly,Feral Interactive (Mac)",2,11
"The Creative Assembly,Feral Interactive (Mac),Feral Interactive (Linux)",0,4
"The Creative Assembly,Feral Interactive (Mac),Feral Interactive (Linux)",1,27
"The Creative Assembly,Feral Interactive (Mac),Feral Interactive (Linux)",2,30
The Dept of Silly Stuff,1,1
The Farm 51,0,2
The Farm 51,1,3
The Farm 51,2,1
The Game Bakers,0,1
The Game Bakers,1,1
The Game Kitchen,2,1
The Glitch Factory,2,1
The Indie Stone,0,4
The Indie Stone,1,12
The Indie Stone,2,25
The Men Who Wear Many Hats,1,6
The Men Who Wear Many Hats,2,7
The Molasses Flood,1,2
The Odd Gentlemen,1,1
The Odd Gentlemen,2,6
"The Quinnspiracy,Patrick Lindsey,Isaac Schankler",0,7
"The Quinnspiracy,Patrick Lindsey,Isaac Schankler",1,7
"The Quinnspiracy,Patrick Lindsey,Isaac Schankler",2,4
The Sims Studio,0,6
The Sims Studio,1,9
The Sims Studio,2,10
The Tambourine,2,1
The Working Parts,2,2
"Thekla, Inc.",2,3
Thomas Bowker,1,10
Thomas Bowker,2,8
Thomas Happ Games LLC,1,1
Those Awesome Guys,1,2
Those Awesome Guys,2,4
Threaks,1,1
Threaks,2,1
Three Gates,1,1
Three Rings,0,1
Three Rings,2,3
Thunder Lotus Games,2,1
TickTock Games,2,3
Tiger Style,2,1
Tigerish Games,0,1
Tigerish Games,1,1
Tigerish Games,2,2
"Tilted Mill Entertainment, Inc.",1,1
Tim Sullivan,2,2
TimeGate Studios,1,2
TimeGate Studios,2,1
TimeSymmetry,0,3
TimeSymmetry,1,1
Tin Man Games,0,1
Tin Man Games,2,2
Tindalos Interactive,0,2
Tindalos Interactive,2,2
Tlön Studios,1,3
"Tlön Studios,Ilex Games",0,1
"Tlön Studios,Ilex Games",1,2
"Tlön Studios,Ilex Games",2,1
ToMorning Productions,2,1
"Toadman Interactive,Fatshark",1,1
Toge Productions,2,2
Tokyo RPG Factory,2,1
Tom De Roeck,1,1
Tomasz Wacławek,0,1
Tomasz Wacławek,1,1
Tomasz Wacławek,2,1
"Tomi Maarela,Elias Viglione",0,3
"Tomi Maarela,Elias Viglione",1,10
"Tomi Maarela,Elias Viglione",2,7
Tomoaki Sugeno,1,1
Tomorrow Corporation,1,15
Tomorrow Corporation,2,21
Topware Interactive,2,1
Topware Interactive ACE,1,2
Torn Banner Studios,0,27
Torn Banner Studios,1,105
Torn Banner Studios,2,83
Totally Games,1,2
Touz,0,1
Touz,1,1
Touz,2,2
Tragnarion Studios,2,1
Transcendent Games,1,2
Transcendent Games,2,1
Transhuman Design,1,4
Transhuman Design,2,22
Trapdoor Inc.,2,1
Trashmasters,0,2
Trashmasters,1,2
Trashmasters,2,1
Trav Nash,0,1
Trav Nash,1,1
Traveller's Tales,1,22
Traveller's Tales,2,29
"Traveller's Tales,Feral Interactive (Mac)",1,5
"Traveller's Tales,Feral Interactive (Mac)",2,9
"Traveller's Tales,TT Games,Feral Interactive (Mac)",1,3
"Traveller's Tales,TT Games,Feral Interactive (Mac)",2,2
Travian Games GmbH,1,2
TreeFortress Games,2,2
"Trek Industries, Inc",0,20
"Trek Industries, Inc",1,89
"Trek Industries, Inc",2,52
Trendy Entertainment,0,1
Trendy Entertainment,1,33
Trendy Entertainment,2,44
TrerPlay,0,1
TrerPlay,1,1
Trese Brothers,2,1
Treyarch,0,40
Treyarch,1,152
Treyarch,2,157
Triangle Studios,2,2
Tribe Studios,0,2
Tribe Studios,1,4
Tribe Studios,2,1
Tribute Games Inc.,0,2
Tribute Games Inc.,1,2
Tribute Games Inc.,2,1
Trickstar Games,2,1
Trinoteam,1,1
Trion Worlds,0,13
Trion Worlds,1,74
Trion Worlds,2,88
"Trion Worlds, Inc.",0,5
"Trion Worlds, Inc.",1,19
"Trion Worlds, Inc.",2,20
"Triple-Star Studio,Rock Path Collective",2,1
Triple.B.Titles,2,1
TripleBrick,2,1
Tripwire Interactive,0,64
Tripwire Interactive,1,263
Tripwire Interactive,2,228
Triumph Studios,2,1
"Triumph Studios,Virtual Programming",0,1
"Triumph Studios,Virtual Programming",1,5
"Triumph Studios,Virtual Programming",2,2
Triverske,1,1
Troika Games,1,2
Troika Games,2,4
Tuesday Society,2,1
Tuomo Laine,2,1
Turbo Pixel Studios,2,3
Turbo Tape Games,1,1
"Turtle Cream,PokPoong Games",2,2
Turtle Rock Studios,0,13
Turtle Rock Studios,1,44
Turtle Rock Studios,2,43
Twice Circled,2,1
Twisted Pixel Games,2,1
Two Tribes,1,2
Two Tribes,2,11
"Ty Taylor and Mario Castañeda,The Quantum Astrophysicists Guild",1,1
"Ty Taylor and Mario Castañeda,The Quantum Astrophysicists Guild",2,6
U-Play Online,1,3
U-Play Online,2,2
U.S. Army,0,1
U.S. Army,1,10
U.S. Army,2,10
"UBIart Montpellier,Feral Interactive (Mac)",1,1
"UBIart Montpellier,Feral Interactive (Mac)",2,2
Uber Entertainment,0,1
Uber Entertainment,1,24
Uber Entertainment,2,28
Ubisoft,0,22
Ubisoft,1,44
Ubisoft,2,48
Ubisoft  Shanghaï,1,1
Ubisoft - San Francisco,0,1
Ubisoft - San Francisco,1,2
Ubisoft - San Francisco,2,13
Ubisoft Montpellier,0,2
Ubisoft Montpellier,1,22
Ubisoft Montpellier,2,15
Ubisoft Montreal,0,32
Ubisoft Montreal,1,135
Ubisoft Montreal,2,117
"Ubisoft Montreal, Massive Entertainment, and Ubisoft Shanghai",0,16
"Ubisoft Montreal, Massive Entertainment, and Ubisoft Shanghai",1,50
"Ubisoft Montreal, Massive Entertainment, and Ubisoft Shanghai",2,59
"Ubisoft Montreal, Red Storm, Shanghai, Toronto, Kiev",0,7
"Ubisoft Montreal, Red Storm, Shanghai, Toronto, Kiev",1,18
"Ubisoft Montreal, Red Storm, Shanghai, Toronto, Kiev",2,15
Ubisoft Montréal,0,2
Ubisoft Montréal,1,5
Ubisoft Montréal,2,5
"Ubisoft Paris,Red Storm Entertainment",0,2
"Ubisoft Paris,Red Storm Entertainment",1,1
"Ubisoft Paris,Red Storm Entertainment",2,1
"Ubisoft Quebec, in collaboration with Ubisoft Annecy, Bucharest, Kiev, Montreal, Montpellier, Shanghai, Singapore, Sofia, Toronto studios",1,2
"Ubisoft Quebec, in collaboration with Ubisoft Annecy, Bucharest, Kiev, Montreal, Montpellier, Shanghai, Singapore, Sofia, Toronto studios",2,2
Ubisoft Reflections,2,1
Ubisoft Romania,1,1
Ubisoft Romania,2,1
Ubisoft Sofia,1,2
"Ubisoft Sofia,Ubisoft Kiev",1,2
"Ubisoft Sofia,Ubisoft Kiev",2,3
Ubisoft Toronto,0,1
Ubisoft Toronto,1,9
Ubisoft Toronto,2,14
Ultra Runaway Games,2,1
Ultravision Interactive,2,1
Undead Labs,0,12
Undead Labs,1,28
Undead Labs,2,46
Underdog Games,1,2
Unfinished Pixel,1,1
Unfinished Pixel,2,2
Unicorn Games Studio,1,1
Unigine LLC.,1,1
United Front Games,0,5
United Front Games,1,26
United Front Games,2,30
"United Front Games,Feral Interactive (Mac)",1,6
"United Front Games,Feral Interactive (Mac)",2,4
United Independent Entertainment GmbH,0,1
United Independent Entertainment GmbH,1,5
"United Independent Entertainment GmbH,Actalogic",2,1
Unknown Worlds Entertainment,0,3
Unknown Worlds Entertainment,1,32
Unknown Worlds Entertainment,2,22
Unwonted Studios,2,1
"Upper One Games,E-Line Media",1,1
"Upper One Games,E-Line Media",2,1
Uppercut Games Pty Ltd,2,2
Urban Games,2,5
VIS - Visual Imagination Software,0,1
VIS - Visual Imagination Software,1,1
VIS - Visual Imagination Software,2,1
VIS Interactive,1,1
VStep,1,2
VStep,2,2
Vae Victis Games,1,3
Vae Victis Games,2,3
Vagabond Dog,1,2
Vagabond Dog,2,5
"ValuSoft, Retroism",1,1
Valve,0,539
Valve,1,4586
Valve,2,4343
Vanguard Games,1,1
"Vanguard Games,343 Industries",1,2
"Vanguard Games,343 Industries",2,15
VaragtP,1,2
VaragtP,2,1
Varkian Empire,2,2
"Vblank Entertainment, Inc.",1,4
"Vblank Entertainment, Inc.",2,3
"Vectorpark, Inc.",2,1
Vertigo Games,1,1
Vertigo Gaming Inc.,0,1
Vertigo Gaming Inc.,1,6
Vertigo Gaming Inc.,2,5
Very Simple Idea Studios,2,1
Vicious Cycle Software,2,1
"Vicious Cycle Software, Inc.",0,1
"Vicious Cycle Software, Inc.",2,1
Vifth Floor,1,1
Vigil Games,1,2
Vigil Games,2,6
"Ville Mönkkönen,Anne Mönkkönen",2,1
Vine,2,3
"Virgin Interactive Entertainment,PriitK",1,1
"Virtual Basement LLC,Code Headquarters LLC",0,1
"Virtual Basement LLC,Code Headquarters LLC",1,4
"Virtual Basement LLC,Code Headquarters LLC",2,3
Virtual Racing Industries Ltd.,2,1
Visceral Games,0,1
Visceral Games,1,2
Visceral Games,2,2
Visual Concepts,0,5
Visual Concepts,1,6
Visual Concepts,2,5
"Visual Concepts,Yuke's",0,1
"Visual Concepts,Yuke's",1,2
"Visual Concepts,Yuke's",2,3
VisualArts/Key,0,1
VisualArts/Key,1,1
VisualArts/Key,2,5
"Viswanath Atlu,Laurie Banks,Rohan Bhukan,Nick Burnham,Avinash Kalapala,Yash Kapani,Katharine Marsh,Ankur Rathore,Hardit Singh,Anoop Nihar Srinivas,Ryan Guanyuhao Jiang,Robert Zhu",0,1
"Viswanath Atlu,Laurie Banks,Rohan Bhukan,Nick Burnham,Avinash Kalapala,Yash Kapani,Katharine Marsh,Ankur Rathore,Hardit Singh,Anoop Nihar Srinivas,Ryan Guanyuhao Jiang,Robert Zhu",1,1
"Viswanath Atlu,Laurie Banks,Rohan Bhukan,Nick Burnham,Avinash Kalapala,Yash Kapani,Katharine Marsh,Ankur Rathore,Hardit Singh,Anoop Nihar Srinivas,Ryan Guanyuhao Jiang,Robert Zhu",2,1
Vitali Kirpu,0,6
Vitali Kirpu,1,11
Vitali Kirpu,2,16
Vivid Games S.A.,2,1
Vladimir Maslov,2,3
Vlambeer,0,12
Vlambeer,1,44
Vlambeer,2,40
"Vlambeer,Croteam",1,1
"Vlambeer,Croteam",2,1
Vogelsap,1,1
Volition,0,15
Volition,1,88
Volition,2,98
"Volition, Inc.",0,1
"Volition, Inc.",1,1
"Volition, Inc.",2,1
"Volition,Reactor Zero,THQ Nordic",0,4
"Volition,Reactor Zero,THQ Nordic",1,7
"Volition,Reactor Zero,THQ Nordic",2,5
VolumeUp Studios,2,1
Volumetric Games,2,1
Vortal Storm,0,2
Vortal Storm,1,6
Vortal Storm,2,3
Vostok Games,0,6
Vostok Games,1,10
Vostok Games,2,8
Voxler Games,2,1
WARTEAM,0,6
WARTEAM,1,16
WARTEAM,2,11
"WB Games Montreal,Splash Damage",0,6
"WB Games Montreal,Splash Damage",1,29
"WB Games Montreal,Splash Damage",2,36
WOLCEN Studio,2,1
WRF Studios,2,1
WTFOMGames,1,1
WZOGI,0,1
Wadjet Eye Games,1,1
Wales Interactive,1,1
Walter Machado,0,1
Walter Machado,1,2
Walter Machado,2,1
Wanako Games,1,1
Warfare Studios,1,1
WarfareSims,2,1
Warlock Wireless,2,1
WayForward,0,1
WayForward,2,5
"WayForward,Abstraction Games",2,4
WeMade,0,1
WeMade,1,4
WeMade,2,3
Weappy Studio,1,1
Weappy Studio,2,2
White Rabbit Games,2,1
WhiteMoon Dreams,2,1
Wholetone Games,1,4
Wholetone Games,2,1
Wild Games Studio,0,3
Wild Games Studio,1,5
Wild Games Studio,2,4
Wild Shadow Studios,0,28
Wild Shadow Studios,1,97
Wild Shadow Studios,2,103
WildTangent,2,1
Wildgrass,2,1
Windybeard,1,1
Winter Wolves,2,4
"Wisdom Tree, Inc.",2,1
Witch Beam,1,1
Witch Beam,2,2
With The Love Studios,1,1
Wizarbox,1,3
Wizarbox,2,1
Wolfire Games,0,3
Wolfire Games,1,22
Wolfire Games,2,19
"World-Loom,Nitreal",1,1
Wube Software LTD.,0,4
Wube Software LTD.,1,13
Wube Software LTD.,2,18
Wyrmbyte,0,2
Wyrmbyte,1,4
Wyrmbyte,2,2
X-Bow Software,2,1
X-Legend,1,9
X-Legend,2,16
"X1 Software,AWAR",0,1
"X1 Software,AWAR",2,1
XGen Studios,1,1
XLGAMES,0,1
XLGAMES,1,6
XLGAMES,2,10
XYLA Entertainment,0,1
XYLA Entertainment,1,2
XYLA Entertainment,2,2
"Xavi Canal, Ben Palgi",0,1
"Xavi Canal, Ben Palgi",1,2
"Xavi Canal, Ben Palgi",2,1
Xaviant,0,1
Xaviant,1,1
Xaviant,2,6
Xtal Sword,0,1
Xtal Sword,1,4
YFC games,1,1
YFC games,2,1
YFYX GAMES,2,1
"YOTSUBANE,Adventure Planning Service",1,1
Yacht Club Games,0,1
Yacht Club Games,1,4
Yacht Club Games,2,11
Yager Development,0,15
Yager Development,1,24
Yager Development,2,43
Yakiniku Banzai,1,2
Yakiniku Banzai,2,1
YeaBoing,1,1
Yeti Trunk,2,1
Young Horses,0,2
Young Horses,1,13
Young Horses,2,18
Yume Creations,1,1
Z4G0 and Ivan Venturi Productions,2,1
Zachtronics,1,7
Zachtronics,2,9
ZackBellGames,1,1
ZackBellGames,2,2
Zandel Media,2,1
Zanrai Interactive,2,1
Zaratustra Productions,1,1
Zaratustra Productions,2,2
"Zaxis Games,B-evil",1,1
"Zaxis Games,B-evil",2,1
Zbigniew Ochman,1,1
Zeboyd Games,1,3
Zeboyd Games,2,3
Zeiva Inc,1,2
Zeiva Inc,2,5
Zen Studios,2,2
Zenimax Online Studios,0,3
Zenimax Online Studios,1,11
Zenimax Online Studios,2,19
Zero Point Software,0,1
Zero Point Software,1,9
Zero Point Software,2,20
Zero Sum Games,0,3
Zero Sum Games,1,3
Zeroscale,1,2
Zeroscale,2,1
Zinertek,2,1
Zombie Panic Team,0,1
Zombie Panic Team,1,19
Zombie Panic Team,2,15
Zombie Studios,0,1
Zombie Studios,1,2
Zombie Studios,2,1
Zoo Corporation,2,2
Zootfly,1,1
Zootfly,2,1
Zoë Mode,1,1
Zoë Mode,2,1
"Zykov Eddy,Xitilon",1,1
"Zykov Eddy,Xitilon",2,1
[OneManBand],1,1
app2fun,1,2
b-Alive,0,1
b-alive gmbh,1,1
b-alive gmbh,2,1
bitHuffel,2,1
candyrocketstudio,1,1
cupholder,1,1
d3t,1,1
dobro_slon,1,1
doublesix,2,1
electrolyte,1,1
electrolyte,2,1
erobotan,2,1
exosyphen studios,1,2
"gord10,Aslan Game Studio",0,1
"gord10,Aslan Game Studio",1,2
id Software,0,17
id Software,1,66
id Software,2,69
inXile Entertainment,0,1
inXile Entertainment,1,2
inXile Entertainment,2,5
increpare games,0,1
increpare games,2,1
isTom Games Kft.,1,3
kChamp Games,0,1
kChamp Games,1,4
kChamp Games,2,3
kunst-stoff GmbH,2,1
marbenx,0,1
marbenx,1,16
marbenx,2,9
minori,0,1
minori,1,1
minori,2,1
momoStorm Entertainment,1,1
nFusion Interactive,1,1
neko.works,1,1
ninjalex,1,1
ninjalex,2,2
nornware AB,1,1
oddonegames,0,1
oddonegames,2,1
practicing01,1,2
quad games,1,1
rdt.32,1,1
rdt.32,2,3
roseVeRte,1,1
souvenir circ.,1,1
sparsevector,0,4
sparsevector,1,6
sparsevector,2,6
stage-nana,0,2
stage-nana,1,8
stage-nana,2,6
stillalive studios,2,2
storm_sharks,0,1
tamationgames,1,1
the whale husband,0,1
the whale husband,1,12
the whale husband,2,3
tinyBuild,1,2
tinyBuild,2,2
tobyfox,0,18
tobyfox,1,93
tobyfox,2,111
treeform,1,2
treeform,2,3
varlamov5264,1,1
vidiludi games and entertainment,2,1
vikingfabian.com,0,1
vikingfabian.com,2,1
webgames,2,1
△○□× (Miwashiba),1,3
△○□× (Miwashiba),2,2
"インレ,Inre",1,5
橘子班,0,1
橘子班,1,2
橘子班,2,1
"高考恋爱委员会,橘子班",1,1
"高考恋爱委员会,橘子班",2,1
